t,ag1,ag2,ag3
0,0.0,0.0,0.0
1,0.0,0.0,0.0
2,0.0,0.0,0.0
3,0.0,0.0,0.0
4,0.0,0.0,0.0
5,0.0,0.0,0.0
6,0.0,0.0,0.0
7,0.0,0.0,0.0
8,0.0,0.0,0.0
9,0.0,0.0,0.0
10,0.0,0.0,0.0
11,0.0,0.0,0.0
12,0.0,0.0,0.0
13,0.0,0.0,0.0
14,0.0,0.0,0.0
15,0.0,0.0,0.0
16,0.0,0.0,0.0
17,0.0,0.0,0.0
18,0.0,0.0,0.0
19,0.0,0.0,0.0
20,0.0,0.0,0.0
21,0.0,0.0,0.0
22,0.0,0.0,0.0
23,0.0,0.0,0.0
24,0.0,0.0,0.0
25,0.0,0.0,0.0
26,0.0,0.0,0.0
27,0.0,0.0,0.0
28,0.0,0.0,0.0
29,0.0,0.0,0.0
30,0.0,0.0,0.0
31,0.0,0.0,0.0
32,0.0,0.0,0.0
33,0.0,0.0,0.0
34,0.020375447048652302,0.0035261901618146544,0.0017768066404172415
35,0.04639549374463984,0.008177529299530972,0.004120562900707484
36,0.061100279926787286,0.011083748261530954,0.005584973188645754
37,0.0784153467262147,0.010790733957049183,0.005437326652852426
38,0.09746951443206575,0.007877771164138684,0.003969518226131578
39,0.10870328079357187,0.008701383193225807,0.004384526848824923
40,0.11705290767828126,0.01144278333866675,0.005765886831961395
41,0.12018260466928998,0.014728047575498528,0.007421293671541486
42,0.09993532223173833,0.035996911466081596,0.018138429407485668
43,0.1911876677285494,0.06947408140846378,0.03500719006031172
44,0.41524578528326345,0.09465015659300624,0.04769312460007518
45,0.512697875519307,0.11912636465469936,0.06002640415124658
46,0.21546425472933212,0.483613960578122,0.24368750893215685
47,0.24545090283376453,0.554902230730538,0.27960884782146017
48,0.281171151689359,0.5979855560255767,0.3013180396014309
49,0.30903311254464116,0.6340979804402533,0.31951467465430133
50,0.27549935472413617,0.5895607634186381,0.29707288356581796
51,0.3126094152802277,0.6590394622353672,0.33208240028501396
52,0.4110417027773726,0.6979872002140042,0.35170771721178345
53,0.4149139631527167,0.7115113703539878,0.3585223908987207
54,0.457055714017902,0.6381195961832578,0.3215411205433401
55,0.13697084970100482,0.5928858749729207,0.2987483690100681
56,0.07531599916465856,0.43093783308168654,0.21714461452428213
57,0.03935606032389297,0.32947206158513703,0.1660171800136744
58,0.09001428326523007,0.2616378363495582,0.13183629460614743
59,0.14002605684682795,0.23960337846538166,0.12073338486787878
60,0.16569132529340858,0.25717468726496817,0.12958736514779115
61,0.1599182669999342,0.28247877781765446,0.14233780515826258
62,0.09849968235347967,0.23160310267928574,0.1167021379726213
63,0.07182264480635729,0.1717738899130544,0.08655488622052926
64,0.16193363228446803,0.0513620064861831,0.025880723954728305
65,0.13556720754061793,0.04547744331896653,0.022915560298867956
66,0.10256800014004132,0.05132103029338536,0.025860076522763217
67,0.09597317133111441,0.043022152619965864,0.02167836757302415
68,0.08503546117930906,0.02980546628636994,0.015018631437364403
69,0.06318390415310896,0.01896737959772883,0.009557444288034607
70,0.027629250336787297,0.01724107005882769,0.008687576779086418
71,0.011890396619392844,0.00819256723802363,0.0041281403448457255
72,0.0,0.0,0.0
73,0.0,0.0,0.0
74,0.0,0.0,0.0
75,0.0,0.0,0.0
76,0.0,0.0,0.0
77,0.0,0.0,0.0
78,0.0,0.0,0.0
79,0.0,0.0,0.0
80,0.0,0.0,0.0
81,0.0,0.0,0.0
82,0.0,0.0,0.0
83,0.0,0.0,0.0
84,0.0,0.0,0.0
85,0.0,0.0,0.0
86,0.0,0.0,0.0
87,0.0,0.0,0.0
88,0.0,0.0,0.0
89,0.0,0.0,0.0
90,0.0,0.0,0.0
91,0.0,0.0,0.0
92,0.0,0.0,0.0
93,0.0,0.0,0.0
94,0.0,0.0,0.0
95,0.0,0.0,0.0
96,0.0,0.0,0.0
97,0.0,0.0,0.0
98,0.0,0.0,0.0
99,0.0,0.0,0.0
100,0.0,0.0,0.0
101,0.0,0.0,0.0
102,0.0,0.0,0.0
103,0.0,0.0,0.0
104,0.0,0.0,0.0
105,0.0,0.0,0.0
106,0.0,0.0,0.0
107,0.0,0.0,0.0
108,0.0,0.0,0.0
109,0.0,0.0,0.0
110,0.0,0.0,0.0
111,0.0,0.0,0.0
112,0.0,0.0,0.0
113,0.0,0.0,0.0
114,0.0,0.0,0.0
115,0.0,0.0,0.0
116,0.0,0.0,0.0
117,0.0,0.0,0.0
118,0.0,0.0,0.0
119,0.0,0.0,0.0
120,0.0,0.0,0.0
121,0.0,0.0,0.0
122,0.0,0.0,0.0
123,0.0,0.0,0.0
124,0.0,0.0,0.0
125,0.0,0.0,0.0
126,0.0,0.0,0.0
127,0.0,0.0,0.0
128,0.0,0.0,0.0
129,0.0,0.0,0.0
130,0.013739292841009797,0.012817339427375906,0.006458509825608295
131,0.027938646980356117,0.021425975929138568,0.010796302684005518
132,0.037231165124448,0.027931044187231444,0.014074131713906361
133,0.04253945208090872,0.03708539875270177,0.018686905624060706
134,0.051057427556035484,0.040202705248375006,0.020257680490858514
135,0.05334581146138599,0.04697448598035265,0.023669902866816656
136,0.060240641135027924,0.050195394673776574,0.0252928816887268
137,0.07216811174972936,0.04958203586731063,0.024983817245155714
138,0.09031204298023911,0.04727432837135269,0.023820989996823708
139,0.1039814161498222,0.0569732272244185,0.028708153506461
140,0.1072106526762142,0.0704252392079617,0.0354864675288197
141,0.086389765739382,0.0704252392079617,0.0354864675288197
142,0.07390793600102855,0.5743258921833692,0.28939620728503646
143,0.08924703894571165,0.6607202778222008,0.3329293439150946
144,0.08010352135168061,0.7248541728880027,0.36524567553632975
145,0.0920682247933865,0.7851971255013145,0.3956517948848503
146,0.09981830649285502,0.7151599060217795,0.3603608460315553
147,0.1009367074249382,0.7161217748532975,0.3608455206658275
148,0.11886665880481,0.367160797668475,0.1850081003749707
149,0.1040736800505762,0.367160797668475,0.1850081003749707
150,0.095185590944602,0.6603355294274625,0.3327354736269675
151,0.10345250239525851,0.6483473642026367,0.3266947751392467
152,0.0979227533336392,0.390108347522755,0.1965711066484065
153,0.07819674095236628,0.3212077740227423,0.16185290062279115
154,0.06797371701519826,0.29092901135111227,0.14659578058395448
155,0.06129291408142862,0.29878630381187427,0.15055497982713928
156,0.1557598173552071,0.2803654239241165,0.1412729104534177
157,0.18952633067991895,0.2676695911214392,0.1348756264176029
158,0.16887276391753916,0.19261459740305112,0.09705627887377213
159,0.11670772832408613,0.15266053972082735,0.07692388902986895
160,0.10886176937141129,0.09689658542807249,0.04882507423642617
161,0.11943819774244732,0.06986207362420382,0.035202694872508836
162,0.14531965448445927,0.03167489450660974,0.015960614802718678
163,0.13616808161382182,0.022149014369297663,0.01116063343271663
164,0.09221651794160238,0.03039680753960447,0.015316601489257144
165,0.06076693180677332,0.02155022534567914,0.010858910535042034
166,0.051720538373822976,0.003173132932367897,0.0015989051657544352
167,0.02110544022173308,0.0010893921600332445,0.0005489321718739727
168,0.0,0.0,0.0
169,0.0,0.0,0.0
170,0.0,0.0,0.0
171,0.0,0.0,0.0
172,0.0,0.0,0.0
173,0.0,0.0,0.0
174,0.0,0.0,0.0
175,0.0,0.0,0.0
176,0.0,0.0,0.0
177,0.0,0.0,0.0
178,0.0,0.0,0.0
179,0.0,0.0,0.0
180,0.0,0.0,0.0
181,0.0,0.0,0.0
182,0.0,0.0,0.0
183,0.0,0.0,0.0
184,0.0,0.0,0.0
185,0.0,0.0,0.0
186,0.0,0.0,0.0
187,0.0,0.0,0.0
188,0.0,0.0,0.0
189,0.0,0.0,0.0
190,0.0,0.0,0.0
191,0.0,0.0,0.0
192,0.0,0.0,0.0
193,0.0,0.0,0.0
194,0.0,0.0,0.0
195,0.0,0.0,0.0
196,0.0,0.0,0.0
197,0.0,0.0,0.0
198,0.0,0.0,0.0
199,0.0,0.0,0.0
200,0.0,0.0,0.0
201,0.0,0.0,0.0
202,0.0,0.0,0.0
203,0.0,0.0,0.0
204,0.0,0.0,0.0
205,0.0,0.0,0.0
206,0.0,0.0,0.0
207,0.0,0.0,0.0
208,0.0,0.0,0.0
209,0.0,0.0,0.0
210,0.0,0.0,0.0
211,0.0,0.0,0.0
212,0.0,0.0,0.0
213,0.0,0.0,0.0
214,0.0,0.0,0.0
215,0.0,0.0,0.0
216,0.0,0.0,0.0
217,0.0,0.0,0.0
218,0.0,0.0,0.0
219,0.0,0.0,0.0
220,0.0,0.0,0.0
221,0.0,0.0,0.0
222,0.0,0.0,0.0
223,0.0,0.0,0.0
224,0.0,0.0,0.0
225,0.0,0.0,0.0
226,0.01429796865902286,0.011958003346368115,0.006025500264292125
227,0.02616209821372713,0.02309512800097314,0.011637369203111128
228,0.051263958905356476,0.020063583017739955,0.010109808575422166
229,0.06723711850962251,0.021150708950769252,0.010657598821590342
230,0.09122340475371055,0.01398247176471774,0.007045606601151621
231,0.10530008228836114,0.015354952910913955,0.007737184055146315
232,0.10279833628115649,0.02336050238714028,0.011771088302167231
233,0.11215532092874697,0.024944218570407142,0.012569104660285785
234,0.12986600048281743,0.02146105304893362,0.01081397764097566
235,0.2229403388553865,0.0336300299588582,0.0169457850558971
236,0.1665055862274882,0.047477689353682,0.0239234612553841
237,0.086974103777491,0.047477689353682,0.0239234612553841
238,0.2000692477249606,0.5001927926297366,0.25204139160095557
239,0.23978852635146117,0.5684243589249821,0.28642249259554065
240,0.25776160047381574,0.6159908140583724,0.3103906819057341
241,0.26761677756682756,0.669930904427274,0.3375704726583827
242,0.2820099069997187,0.5901101033280428,0.2973496896239398
243,0.3117346326560544,0.6518155658971929,0.3284423620583901
244,0.3122825494188975,0.326013466895285,0.1642744339536377
245,0.332211551981775,0.326013466895285,0.1642744339536377
246,0.3373168211568325,0.45776401528701,0.2306620190011112
247,0.328274958882935,0.45776401528701,0.2306620190011112
248,0.2899341665790839,0.3233540986440352,0.16293440889789818
249,0.20964808170657087,0.2450206527943931,0.12346308705608862
250,0.16494824303066438,0.23230066979649236,0.11705363401484009
251,0.06470783632478593,0.301881909537445,0.15211481992563206
252,0.04272009158884829,0.3579696316620658,0.18037677760338222
253,0.05636100641956969,0.3659739013206095,0.18441003696500205
254,0.076025454221343,0.2350145623007265,0.1184211332141515
255,0.05454474159099348,0.19838601441727477,0.09996442948531302
256,0.107518199012061,0.0909989045945575,0.0458533007394862
257,0.0761484727556817,0.0909989045945575,0.0458533007394862
258,0.027032845179421387,0.1122802647248211,0.05657673318678919
259,0.029763184764451615,0.09485359106127417,0.04779563288735443
260,0.05634763623922729,0.05668680912852888,0.02856383072426302
261,0.0439581242106787,0.036629911321648834,0.01845739074965456
262,0.025377300256667665,0.02361697384369187,0.011900321317451869
263,0.009177907760330332,0.011947611703918878,0.0060202640352569935
264,0.0,0.0,0.0
265,0.0,0.0,0.0
266,0.0,0.0,0.0
267,0.0,0.0,0.0
268,0.0,0.0,0.0
269,0.0,0.0,0.0
270,0.0,0.0,0.0
271,0.0,0.0,0.0
272,0.0,0.0,0.0
273,0.0,0.0,0.0
274,0.0,0.0,0.0
275,0.0,0.0,0.0
276,0.0,0.0,0.0
277,0.0,0.0,0.0
278,0.0,0.0,0.0
279,0.0,0.0,0.0
280,0.0,0.0,0.0
281,0.0,0.0,0.0
282,0.0,0.0,0.0
283,0.0,0.0,0.0
284,0.0,0.0,0.0
285,0.0,0.0,0.0
286,0.0,0.0,0.0
287,0.0,0.0,0.0
288,0.0,0.0,0.0
289,0.0,0.0,0.0
290,0.0,0.0,0.0
291,0.0,0.0,0.0
292,0.0,0.0,0.0
293,0.0,0.0,0.0
294,0.0,0.0,0.0
295,0.0,0.0,0.0
296,0.0,0.0,0.0
297,0.0,0.0,0.0
298,0.0,0.0,0.0
299,0.0,0.0,0.0
300,0.0,0.0,0.0
301,0.0,0.0,0.0
302,0.0,0.0,0.0
303,0.0,0.0,0.0
304,0.0,0.0,0.0
305,0.0,0.0,0.0
306,0.0,0.0,0.0
307,0.0,0.0,0.0
308,0.0,0.0,0.0
309,0.0,0.0,0.0
310,0.0,0.0,0.0
311,0.0,0.0,0.0
312,0.0,0.0,0.0
313,0.0,0.0,0.0
314,0.0,0.0,0.0
315,0.0,0.0,0.0
316,0.0,0.0,0.0
317,0.0,0.0,0.0
318,0.0,0.0,0.0
319,0.0,0.0,0.0
320,0.0,0.0,0.0
321,0.0,0.0,0.0
322,0.04378355817128088,0.004547983275405602,0.002291676430771013
323,0.08351509420291016,0.007887541547603013,0.003974441409914134
324,0.10345856186631697,0.0087738820238999,0.004421058175229034
325,0.11102781605182563,0.012034185468190947,0.00606388755871594
326,0.11710411655528175,0.017262914994563925,0.008698584190795514
327,0.13454290924765722,0.017863327139923158,0.009001124960835109
328,0.15249965405448299,0.018119330695502246,0.009130122206204672
329,0.1586970671243105,0.019852587407758436,0.010003490315852992
330,0.15233998496605697,0.020664744289868604,0.010412726821819327
331,0.2827515139804251,0.037372415028844044,0.018831529822403742
332,0.4305648701856,0.031256145491174,0.0157496119931279
333,0.5335621380607125,0.031256145491174,0.0157496119931279
334,0.4566140448318275,0.302670269629725,0.152512065503074
335,0.43038034238409,0.302670269629725,0.152512065503074
336,0.7906234541860043,0.2704493727175211,0.13627632637199444
337,0.9065902248693246,0.2552948561900194,0.1286401399036728
338,0.7532052577224488,0.2645958785792349,0.13332681804224594
339,0.7579171900609925,0.3192874609035125,0.1608852769424585
340,0.5433113569070575,0.355687022741335,0.179226597238253
341,0.806755548193475,0.355687022741335,0.179226597238253
342,0.980358991904185,0.31747230714699254,0.15997064185474014
343,0.6204070471005286,0.2948451302985479,0.14856906785184465
344,0.4171518539137075,0.2465671753985419,0.12424236199774212
345,0.241624679634445,0.23400286010962965,0.11791134812350836
346,0.24102922006982072,0.1826868601119428,0.09205380630885512
347,0.21248859788700214,0.19678625914544784,0.09915833121505929
348,0.1318429919173139,0.2904145649570584,0.14633655696663733
349,0.09247191754886978,0.3322052356836539,0.16739439498643735
350,0.21938673200505565,0.1600013892263803,0.08062285861154875
351,0.19990447590223953,0.09977869447730282,0.05027733581679537
352,0.21939557075783017,0.026325008439713166,0.013264868784232366
353,0.21050387678252494,0.011747838141757392,0.0059196004364323734
354,0.18225842036280987,0.01003981509594645,0.005058947280897268
355,0.16241040150111588,0.008602158062032322,0.004334528447176
356,0.10305819024478702,0.02806619986455375,0.014142235104233139
357,0.05805965797122404,0.028716741989592613,0.014470035794098753
358,0.05742613482181271,0.0037698739647279394,0.0018995961042037478
359,0.028415154239967284,0.0015951836822263232,0.0008037946988673914
360,0.0,0.0,0.0
361,0.0,0.0,0.0
362,0.0,0.0,0.0
363,0.0,0.0,0.0
364,0.0,0.0,0.0
365,0.0,0.0,0.0
366,0.0,0.0,0.0
367,0.0,0.0,0.0
368,0.0,0.0,0.0
369,0.0,0.0,0.0
370,0.0,0.0,0.0
371,0.0,0.0,0.0
372,0.0,0.0,0.0
373,0.0,0.0,0.0
374,0.0,0.0,0.0
375,0.0,0.0,0.0
376,0.0,0.0,0.0
377,0.0,0.0,0.0
378,0.0,0.0,0.0
379,0.0,0.0,0.0
380,0.0,0.0,0.0
381,0.0,0.0,0.0
382,0.0,0.0,0.0
383,0.0,0.0,0.0
384,0.0,0.0,0.0
385,0.0,0.0,0.0
386,0.0,0.0,0.0
387,0.0,0.0,0.0
388,0.0,0.0,0.0
389,0.0,0.0,0.0
390,0.0,0.0,0.0
391,0.0,0.0,0.0
392,0.0,0.0,0.0
393,0.0,0.0,0.0
394,0.0,0.0,0.0
395,0.0,0.0,0.0
396,0.0,0.0,0.0
397,0.0,0.0,0.0
398,0.0,0.0,0.0
399,0.0,0.0,0.0
400,0.0,0.0,0.0
401,0.0,0.0,0.0
402,0.0,0.0,0.0
403,0.0,0.0,0.0
404,0.0,0.0,0.0
405,0.0,0.0,0.0
406,0.0,0.0,0.0
407,0.0,0.0,0.0
408,0.0,0.0,0.0
409,0.0,0.0,0.0
410,0.0,0.0,0.0
411,0.0,0.0,0.0
412,0.0,0.0,0.0
413,0.0,0.0,0.0
414,0.0,0.0,0.0
415,0.0,0.0,0.0
416,0.0,0.0,0.0
417,0.0,0.0,0.0
418,0.03529884784121349,0.005311345781106236,0.0026763260120279742
419,0.0594544145715186,0.009251063453664577,0.004661504405914828
420,0.08362968665474699,0.008299192661422755,0.004181867668568781
421,0.09971477235681121,0.010287591234498296,0.00518379882551428
422,0.11633504399807976,0.013383667367077813,0.006743875956684538
423,0.14025947736214298,0.014549984216400852,0.007331569594182872
424,0.17148015449968426,0.007449775577846667,0.00375385617590297
425,0.18440946946124756,0.00763379312811641,0.00384658050166773
426,0.20794762795324456,0.008081263611593597,0.004072055728455766
427,0.3007188071910575,0.0233431972655603,0.0117623684505638
428,0.1028127400736042,0.0549949901680152,0.02771134262082
429,0.0585260677116567,0.0549949901680152,0.02771134262082
430,0.077686204434916,0.303461564452285,0.1529107898573302
431,0.0892807012963425,0.303461564452285,0.1529107898573302
432,0.069843772870821,0.29436167399283,0.1483254597833817
433,0.0877737242506927,0.29436167399283,0.1483254597833817
434,0.092848238792166,0.308604980798935,0.155502498159997
435,0.076517528358698,0.308604980798935,0.155502498159997
436,0.097430679196284,0.303857211863565,0.1531101520344585
437,0.0631392627493597,0.303857211863565,0.1531101520344585
438,0.074549231809278,0.3331351202983375,0.1678629531419455
439,0.0802080843888602,0.3331351202983375,0.1678629531419455
440,0.0623396422761577,0.3568739649751775,0.1798246837696375
441,0.0859284462356117,0.3568739649751775,0.1798246837696375
442,0.08617155918978546,0.31200218669850566,0.15721431111512077
443,0.08614610379502823,0.298847202152082,0.1505856657999052
444,0.11286370164229714,0.3108402864405206,0.15662884294716756
445,0.08918313435743744,0.338294877195869,0.17046289526014233
446,0.08205831373224397,0.25668328232443666,0.12933975185372473
447,0.05865877385571605,0.18882053806115454,0.09514449603635716
448,0.041194136855470104,0.15457576074860344,0.07788894686392221
449,0.044219027700183614,0.12963549901635144,0.06532183600884438
450,0.06009609576926071,0.09907636439040432,0.049923439768964475
451,0.07529871885180088,0.0718927884990408,0.036225948726903205
452,0.12101218613653134,0.020030605890831263,0.010093191780699106
453,0.08193165332437655,0.013331076321016834,0.0067173759338328065
454,0.04090233095594056,0.012805866093066078,0.0064527285444935705
455,0.019550856410150703,0.00602589007818125,0.003036376659796149
456,0.0005260452027981104,0.00013805852144214086,6.956610007054875e-05
457,0.0,0.0,0.0
458,0.0,0.0,0.0
459,0.0,0.0,0.0
460,0.0,0.0,0.0
461,0.0,0.0,0.0
462,0.0,0.0,0.0
463,0.0,0.0,0.0
464,0.0,0.0,0.0
465,0.0,0.0,0.0
466,0.0,0.0,0.0
467,0.0,0.0,0.0
468,0.0,0.0,0.0
469,0.0,0.0,0.0
470,0.0,0.0,0.0
471,0.0,0.0,0.0
472,0.0,0.0,0.0
473,0.0,0.0,0.0
474,0.0,0.0,0.0
475,0.0,0.0,0.0
476,0.0,0.0,0.0
477,0.0,0.0,0.0
478,0.0,0.0,0.0
479,0.0,0.0,0.0
480,0.0,0.0,0.0
481,0.0,0.0,0.0
482,0.0,0.0,0.0
483,0.0,0.0,0.0
484,0.0,0.0,0.0
485,0.0,0.0,0.0
486,0.0,0.0,0.0
487,0.0,0.0,0.0
488,0.0,0.0,0.0
489,0.0,0.0,0.0
490,0.0,0.0,0.0
491,0.0,0.0,0.0
492,0.0,0.0,0.0
493,0.0,0.0,0.0
494,0.0,0.0,0.0
495,0.0,0.0,0.0
496,0.0,0.0,0.0
497,0.0,0.0,0.0
498,0.0,0.0,0.0
499,0.0,0.0,0.0
500,0.0,0.0,0.0
501,0.0,0.0,0.0
502,0.0,0.0,0.0
503,0.0,0.0,0.0
504,0.0,0.0,0.0
505,0.0,0.0,0.0
506,0.0,0.0,0.0
507,0.0,0.0,0.0
508,0.0,0.0,0.0
509,0.0,0.0,0.0
510,0.0,0.0,0.0
511,0.0,0.0,0.0
512,0.0,0.0,0.0
513,0.0,0.0,0.0
514,0.013499936285652157,0.013464346426461708,0.0067845292061911346
515,0.02765955299598561,0.022099406050181125,0.011135636371644669
516,0.04235937745665083,0.03671728954561468,0.018501419631094793
517,0.06867014713778721,0.04751734568251993,0.023943443623089856
518,0.13104819986316033,0.025553443474598737,0.012876086078077036
519,0.1786438147732881,0.02317598964585731,0.011678114455350008
520,0.20671982314361304,0.026460231630872053,0.01333300619400433
521,0.21335332840160678,0.027903511931505753,0.01406025852710869
522,0.20236168758377535,0.033748779979088615,0.017005621824424253
523,0.3241559185421092,0.04545379385707044,0.02290364360719484
524,0.5707706206622726,0.030750751703352976,0.015494949879907138
525,0.610048911785825,0.0328387351362967,0.0165470607016407
526,0.5034070122499749,0.2648289445337816,0.13344425729443857
527,0.5659160125918,0.3188918134922325,0.1606859147653302
528,0.7931598662168551,0.30632714208396083,0.15435472144664983
529,0.9548599531579114,0.2427121843852048,0.12229987639233683
530,0.7917847403056794,0.29992379402347363,0.15112814805364785
531,0.749336647290865,0.32324393501632,0.1628788987137405
532,0.5320859156486475,0.33471770994346,0.1686604018504582
533,0.4337941067119925,0.33471770994346,0.1686604018504582
534,0.391752522601725,0.32996994100809,0.1662680557249197
535,0.386554989525915,0.32996994100809,0.1662680557249197
536,0.354600925231425,0.3477740745157225,0.1752393536956887
537,0.2920048394150249,0.25221487633034867,0.12708817349917267
538,0.2513188706659838,0.24316793014428534,0.12252952143526345
539,0.26696584340278506,0.23422713211151808,0.11802435620416456
540,0.3265755414565161,0.2624010344803825,0.13222086136079614
541,0.15611924570668087,0.29085909275357114,0.14656054940733104
542,0.15840554157065764,0.27714262268808276,0.1396489780010681
543,0.1353585277054167,0.24612195877819967,0.12401802246664871
544,0.11660547494685304,0.2112703587391379,0.10645670230610917
545,0.10038143971935573,0.17766419772412947,0.08952294453631571
546,0.09306921644331295,0.16789095220823894,0.08459831859891975
547,0.06019819883771482,0.09852062312525024,0.049643408141353144
548,0.04247124562761343,0.07030445375436158,0.03542560512884299
549,0.03331063734745131,0.06273597586059376,0.03161193622206534
550,0.03827485044603214,0.019431476177286255,0.009791297213291503
551,0.014211495632068923,0.008600563102176563,0.004333724765260717
552,0.0,0.0,0.0
553,0.0,0.0,0.0
554,0.0,0.0,0.0
555,0.0,0.0,0.0
556,0.0,0.0,0.0
557,0.0,0.0,0.0
558,0.0,0.0,0.0
559,0.0,0.0,0.0
560,0.0,0.0,0.0
561,0.0,0.0,0.0
562,0.0,0.0,0.0
563,0.0,0.0,0.0
564,0.0,0.0,0.0
565,0.0,0.0,0.0
566,0.0,0.0,0.0
567,0.0,0.0,0.0
568,0.0,0.0,0.0
569,0.0,0.0,0.0
570,0.0,0.0,0.0
571,0.0,0.0,0.0
572,0.0,0.0,0.0
573,0.0,0.0,0.0
574,0.0,0.0,0.0
575,0.0,0.0,0.0
576,0.0,0.0,0.0
577,0.0,0.0,0.0
578,0.0,0.0,0.0
579,0.0,0.0,0.0
580,0.0,0.0,0.0
581,0.0,0.0,0.0
582,0.0,0.0,0.0
583,0.0,0.0,0.0
584,0.0,0.0,0.0
585,0.0,0.0,0.0
586,0.0,0.0,0.0
587,0.0,0.0,0.0
588,0.0,0.0,0.0
589,0.0,0.0,0.0
590,0.0,0.0,0.0
591,0.0,0.0,0.0
592,0.0,0.0,0.0
593,0.0,0.0,0.0
594,0.0,0.0,0.0
595,0.0,0.0,0.0
596,0.0,0.0,0.0
597,0.0,0.0,0.0
598,0.0,0.0,0.0
599,0.0,0.0,0.0
600,0.0,0.0,0.0
601,0.0,0.0,0.0
602,0.0,0.0,0.0
603,0.0,0.0,0.0
604,0.0,0.0,0.0
605,0.0,0.0,0.0
606,0.0,0.0,0.0
607,0.0,0.0,0.0
608,0.0,0.0,0.0
609,0.0,0.0,0.0
610,0.0,0.0,0.0
611,0.0,0.0,0.0
612,0.015663073520660067,0.0183680148327653,0.009255431280922335
613,0.028486826493654593,0.027891347586528187,0.01405412905367122
614,0.01887944643475338,0.01720500755152469,0.008669405296691636
615,0.014786969093812921,0.0150477858418739,0.007582406104172979
616,0.02542325816683862,0.017732231820910153,0.008935067538330722
617,0.07683620327038654,0.02598838224957318,0.013095246721175166
618,0.1742639163793688,0.03145470614243715,0.01584966442010994
619,0.23364678927944485,0.039777643617798536,0.020043496827148736
620,0.3946176518402391,0.053727649878706873,0.02707274443456894
621,0.2570472275008025,0.0656774702725937,0.0330941214032815
622,0.0932958377848132,0.3970290818600221,0.20005838503179665
623,0.09455060005619884,0.4166843758011007,0.2099624614403953
624,0.14183623315679877,0.5179369354158904,0.2609824609375919
625,0.0999218045166437,0.534124005228925,0.2691389391230725
626,0.07294475657265108,0.4510528190612243,0.22728032446057012
627,0.12302371899326262,0.3953121342778008,0.19919323490507568
628,0.341408262989249,0.29254170270490953,0.14740839719703547
629,0.35636495756549075,0.16502485331490618,0.08315412435185078
630,0.1572961006233253,0.12225664918230597,0.06160371849897465
631,0.09502906938257381,0.10511884420081204,0.05296817580390237
632,0.1135675760408381,0.08742546142615544,0.04405268385287364
633,0.11400835989339939,0.10079212480938379,0.05078799169779141
634,0.10302888285885158,0.11931336701329846,0.060120632487577055
635,0.07217501506143945,0.09592305809360606,0.048334525016693386
636,0.1921272283584099,0.00835610665129716,0.004210545973056319
637,0.3231038438391463,0.013955358981154286,0.007031944781548826
638,0.3361804954638484,0.018432043037829363,0.00928769435656805
639,0.27295615828139086,0.020956885428351075,0.010559933379314703
640,0.18313755471401563,0.06848491584852594,0.03450876091874061
641,0.21086635335625276,0.06956078971792526,0.0350508813795431
642,0.13639433038539991,0.011265903685298258,0.0056767592102967175
643,0.10100596005569833,0.007965479460792109,0.00401371342740037
644,0.05336833448160385,0.00500453390002713,0.002521727036180416
645,0.07020020821900105,0.006496361058606768,0.0032734415722889807
646,0.05744383115263044,0.017905714951749405,0.009022483691382662
647,0.01006547282069045,0.0025761576498643172,0.0012980961913537327
648,0.0,0.0,0.0
649,0.0,0.0,0.0
650,0.0,0.0,0.0
651,0.0,0.0,0.0
652,0.0,0.0,0.0
653,0.0,0.0,0.0
654,0.0,0.0,0.0
655,0.0,0.0,0.0
656,0.0,0.0,0.0
657,0.0,0.0,0.0
658,0.0,0.0,0.0
659,0.0,0.0,0.0
660,0.0,0.0,0.0
661,0.0,0.0,0.0
662,0.0,0.0,0.0
663,0.0,0.0,0.0
664,0.0,0.0,0.0
665,0.0,0.0,0.0
666,0.0,0.0,0.0
667,0.0,0.0,0.0
668,0.0,0.0,0.0
669,0.0,0.0,0.0
670,0.0,0.0,0.0
671,0.0,0.0,0.0
