t,Equal,Proportional,InstantLoad
0,1.161469104266692,1.161469104266692,1.161469104266692
1,1.173678693799812,1.173678693799812,1.173678693799812
2,1.1002282457026522,1.1002282457026522,1.1002282457026522
3,1.0718724735375722,1.0718724735375722,1.0718724735375722
4,0.9340862890401542,0.9340862890401542,0.9340862890401542
5,0.9268281955141667,0.9268281955141667,0.9268281955141667
6,0.9497524062961279,0.9497524062961279,0.9497524062961279
7,0.9538735271964754,0.9538735271964754,0.9538735271964754
8,0.9892721876462012,0.9892721876462012,0.9892721876462012
9,1.0047417683392987,1.0047417683392987,1.0047417683392987
10,0.7765970559652522,0.7765970559652522,0.7765970559652522
11,0.8019696286726171,0.8019696286726171,0.8019696286726171
12,0.7682248269381079,0.7682248269381079,0.7682248269381079
13,0.7612742797479705,0.7612742797479705,0.7612742797479705
14,0.7048375213034699,0.7048375213034699,0.7048375213034699
15,0.6842934260688999,0.6842934260688999,0.6842934260688999
16,0.685824857661559,0.685824857661559,0.685824857661559
17,0.6737382866627765,0.6737382866627765,0.6737382866627765
18,0.6736460227620239,0.6736460227620239,0.6736460227620239
19,0.696066150645259,0.696066150645259,0.696066150645259
20,0.6547142828650333,0.6547142828650333,0.6547142828650333
21,0.6772574292826083,0.6772574292826083,0.6772574292826083
22,0.6707249239832597,0.6707249239832597,0.6707249239832597
23,0.6496887546113347,0.6496887546113347,0.6496887546113347
24,0.6413598031971716,0.6413598031971716,0.6413598031971716
25,0.6132808227343541,0.6132808227343541,0.6132808227343541
26,0.7636864099462579,0.7636864099462579,0.7636864099462579
27,0.771098276640168,0.771098276640168,0.771098276640168
28,0.6490868535245695,0.6490868535245695,0.6490868535245695
29,0.671383962873467,0.671383962873467,0.671383962873467
30,0.6642771224807762,0.6642771224807762,0.6642771224807762
31,0.6729806837852412,0.6729806837852412,0.6729806837852412
32,0.6954837412299992,0.6954837412299992,0.6954837412299992
33,0.6816749107504767,0.6816749107504767,0.6816749107504767
34,0.6946180637891347,0.6946180637891347,0.6946180637891347
35,0.6512386101771032,0.6512386101771032,0.6512386101771032
36,0.6301252374127566,0.6301252374127566,0.6301252374127566
37,0.7902437477334694,0.7902437477334694,0.7902437477334694
38,0.7910837237713562,0.7910837237713562,0.7910837237713562
39,0.7863922590549945,0.7863922590549945,0.7863922590549947
40,0.673489690356369,0.673489690356369,0.673489690356369
41,0.5229638595246835,0.5229638595246835,0.5229638595246835
42,0.7671463289059856,0.7671463289059856,0.7671463289059856
43,0.6203197651045689,0.6203197651045688,0.6203197651045689
44,0.24886073575487178,0.2488607357548719,0.248860735754872
45,0.10318918884604367,0.10318918884604378,0.10318918884604378
46,1.6633966041276642,1.663396604127664,1.663396604127664
47,1.5219254529132398,1.5219254529132398,1.5219254529132398
48,1.2782451697143908,1.278245169714391,1.2782451697143908
49,1.2174486197329166,1.2174486197329166,1.2174486197329166
50,1.3935797011256326,1.3935797011256328,1.3935797011256326
51,1.2611155512082686,1.2611155512082683,1.2611155512082683
52,0.6655794587218771,0.6655794587218771,0.6655794587218771
53,0.6355249741385223,0.6355249741385225,0.6355249741385223
54,0.468316210983585,0.468316210983585,0.4683162109835852
55,0.44443847654364155,0.44443847654364155,0.44443847654364155
56,1.0226723407744496,1.0226723407744496,1.0226723407744496
57,1.1536835661854257,1.1536835661854257,1.1536835661854257
58,1.2843808591750543,1.2843808591750543,1.2843808591750543
59,1.4974588485285967,1.4974588485285965,1.4974588485285967
60,1.5017924315810744,1.5017924315810744,1.5017924315810744
61,1.3947771997006064,1.3947771997006062,1.3947771997006062
62,0.9347255089028809,0.9347255089028808,0.9347255089028808
63,1.0462429871596841,1.046242987159684,1.046242987159684
64,0.22510916342273227,0.22510916342273227,0.22510916342273224
65,0.24319498408298923,0.2431949840829892,0.24319498408298923
66,0.37593001025388334,0.3759300102538833,0.37593001025388334
67,0.4318494767204213,0.4318494767204213,0.43184947672042123
68,0.43899372724960134,0.43899372724960134,0.43899372724960134
69,0.5395764642906848,0.5395764642906848,0.5395764642906848
70,0.6568298587207496,0.6568298587207496,0.6568298587207496
71,0.6516084435440012,0.6516084435440012,0.6516084435440012
72,0.7423658377126747,0.7423658377126747,0.7423658377126747
73,0.7515614731544947,0.7515614731544947,0.7515614731544947
74,0.3897856404571275,0.3897856404571275,0.3897856404571275
75,0.39925806760120996,0.39925806760120996,0.39925806760120996
76,0.36837529821917275,0.36837529821917275,0.36837529821917275
77,0.127043688480145,0.127043688480145,0.127043688480145
78,0.2190699352624549,0.2190699352624549,0.2190699352624549
79,0.2253438805137307,0.2253438805137307,0.2253438805137307
80,0.18326146163136162,0.18326146163136162,0.18326146163136162
81,0.20426687636970192,0.20426687636970192,0.20426687636970192
82,0.22006794372762858,0.22006794372762858,0.22006794372762858
83,0.2166849340333131,0.2166849340333131,0.2166849340333131
84,0.2889923434248267,0.2889923434248267,0.2889923434248267
85,0.2609441175955932,0.2609441175955932,0.2609441175955932
86,0.23031553679790343,0.23031553679790343,0.23031553679790343
87,0.2460619091932624,0.2460619091932624,0.2460619091932624
88,0.239299669856576,0.239299669856576,0.239299669856576
89,0.2617813070069812,0.2617813070069812,0.2617813070069812
90,0.1517453679234417,0.1517453679234417,0.1517453679234417
91,0.1338154165435697,0.1338154165435697,0.1338154165435697
92,0.1382490466552704,0.1382490466552704,0.1382490466552704
93,0.1186583450618257,0.1186583450618257,0.1186583450618257
94,0.1440535980808596,0.1440535980808596,0.1440535980808596
95,0.17603841700893258,0.17603841700893258,0.17603841700893258
96,0.2132190719712284,0.2132190719712284,0.2132190719712284
97,0.21976980892476639,0.21976980892476639,0.21976980892476639
98,0.2673441156338649,0.2673441156338649,0.2673441156338649
99,0.23874230640010743,0.23874230640010743,0.23874230640010743
100,0.208241784206016,0.208241784206016,0.208241784206016
101,0.20818027493884653,0.20818027493884653,0.20818027493884653
102,0.1727891745930091,0.1727891745930091,0.1727891745930091
103,0.1957321312471846,0.1957321312471846,0.1957321312471846
104,0.20449097892599902,0.20449097892599902,0.20449097892599902
105,0.1952338342170085,0.1952338342170085,0.1952338342170085
106,0.1814682041567115,0.1814682041567115,0.1814682041567115
107,0.16209278499835952,0.16209278499835952,0.16209278499835952
108,0.1858924999291808,0.1858924999291808,0.1858924999291808
109,0.2027152845000038,0.2027152845000038,0.2027152845000038
110,0.15290530107220848,0.15290530107220848,0.15290530107220848
111,0.16163961701025928,0.16163961701025928,0.16163961701025928
112,0.1459866913392157,0.1459866913392157,0.1459866913392157
113,0.178432829771059,0.178432829771059,0.178432829771059
114,0.5207328789491582,0.5207328789491582,0.5207328789491582
115,0.5213479716208532,0.5213479716208532,0.5213479716208532
116,0.4621803508738885,0.4621803508738885,0.4621803508738885
117,0.23837888227813148,0.23837888227813148,0.23837888227813148
118,0.2686979881171252,0.2686979881171252,0.2686979881171252
119,0.25162916647762473,0.25162916647762473,0.25162916647762473
120,0.2817492929128659,0.2817492929128659,0.2817492929128659
121,0.2641576425024259,0.2641576425024259,0.2641576425024259
122,0.23259641975242962,0.23259641975242962,0.23259641975242962
123,0.2586455943986586,0.2586455943986586,0.2586455943986586
124,0.2561187515692082,0.2561187515692082,0.2561187515692082
125,0.2555959227982684,0.2555959227982684,0.2555959227982684
126,0.22078152319289768,0.22078152319289768,0.22078152319289768
127,0.1955627236534555,0.1955627236534555,0.1955627236534555
128,0.1988571723052077,0.1988571723052077,0.1988571723052077
129,0.2001796215493492,0.2001796215493492,0.2001796215493492
130,0.1708080550143462,0.1708080550143462,0.1708080550143462
131,0.1620227877648975,0.1620227877648975,0.1620227877648975
132,0.13289623863165992,0.1328962386316599,0.13289623863165992
133,0.0999197288192965,0.0999197288192965,0.09991972881929652
134,0.1189533480996534,0.11895334809965338,0.11895334809965341
135,0.09531702909512611,0.0953170290951261,0.09531702909512611
136,0.06646991551186093,0.0664699155118609,0.06646991551186093
137,0.07456349560328632,0.07456349560328632,0.07456349560328632
138,0.033114667638666495,0.03311466763866647,0.033114667638666495
139,0.0,0.0,0.0
140,0.0,0.0,0.0
141,0.0,0.0,0.0
142,0.33548623267131017,0.33548623267131006,0.33548623267131006
143,0.19520185809845647,0.19520185809845647,0.19520185809845647
144,0.1915743671069141,0.1915743671069141,0.1915743671069141
145,0.0945501989165427,0.0945501989165427,0.0945501989165427
146,0.0015807961231637524,0.0015807961231639744,0.0015807961231637524
147,0.0,0.0,0.0
148,0.0,0.0,0.0
149,0.0,0.0,0.0
150,0.0,0.0,0.0
151,0.019941735978421304,0.019941735978421082,0.019941735978421082
152,0.0,0.0,0.0
153,0.12039234708277102,0.12039234708277102,0.12039234708277091
154,0.3325031567744554,0.3325031567744554,0.3325031567744554
155,0.31362014679192374,0.31362014679192374,0.31362014679192374
156,0.46963972421442857,0.46963972421442857,0.46963972421442857
157,0.5324987589952014,0.5324987589952014,0.5324987589952014
158,0.5342075500433466,0.5342075500433465,0.5342075500433466
159,0.5996504808470365,0.5996504808470364,0.5996504808470365
160,0.24542239566949864,0.24542239566949858,0.24542239566949858
161,0.3870499144779038,0.3870499144779038,0.3870499144779038
162,0.2649791190225655,0.26497911902256543,0.2649791190225655
163,0.4057239712589246,0.4057239712589246,0.4057239712589246
164,0.6897068607416972,0.6897068607416972,0.6897068607416972
165,0.6954330900056992,0.6954330900056992,0.6954330900056992
166,0.3943152198927057,0.3943152198927057,0.3943152198927057
167,0.5059040094138483,0.5059040094138483,0.5059040094138483
168,0.9172057752541072,0.9172057752541072,0.9172057752541072
169,0.8070119231201772,0.8070119231201772,0.8070119231201772
170,0.5049240970998359,0.5049240970998359,0.5049240970998359
171,0.4174271645514059,0.4174271645514059,0.4174271645514059
172,0.3569152372416733,0.3569152372416733,0.3569152372416733
173,0.3755217905604083,0.3755217905604083,0.3755217905604083
174,0.38540032802766644,0.38540032802766644,0.38540032802766644
175,0.5769401859930889,0.5769401859930889,0.5769401859930889
176,0.6863813981249872,0.6863813981249872,0.6863813981249872
177,0.5999916323856047,0.5999916323856047,0.5999916323856047
178,0.6846963477519112,0.6846963477519112,0.6846963477519112
179,0.7092077907189037,0.7092077907189037,0.7092077907189037
180,0.6192172128154855,0.6192172128154855,0.6192172128154855
181,0.481497963623263,0.481497963623263,0.481497963623263
182,0.3110520042449899,0.3110520042449899,0.3110520042449899
183,0.2227554512233574,0.2227554512233574,0.2227554512233574
184,0.2218503752644719,0.2218503752644719,0.2218503752644719
185,0.1993994927476514,0.1993994927476514,0.1993994927476514
186,0.1853834541549514,0.1853834541549514,0.1853834541549514
187,0.2044205723438719,0.2044205723438719,0.2044205723438719
188,0.1593775571217028,0.1593775571217028,0.1593775571217028
189,0.17097205398312929,0.17097205398312929,0.17097205398312929
190,0.2556898065468579,0.2556898065468579,0.2556898065468579
191,0.34069561377493024,0.34069561377493024,0.34069561377493024
192,0.2647610862432717,0.2647610862432717,0.2647610862432717
193,0.1482010249573132,0.1482010249573132,0.1482010249573132
194,0.4207499249958652,0.4207499249958652,0.4207499249958652
195,0.4093399559359477,0.4093399559359477,0.4093399559359477
196,0.40779155270641376,0.40779155270641376,0.40779155270641376
197,0.3997030840736413,0.3997030840736413,0.3997030840736413
198,0.1569768442730018,0.1569768442730018,0.1569768442730018
199,0.1295437111154623,0.1295437111154623,0.1295437111154623
200,0.14393376818668469,0.14393376818668469,0.14393376818668469
201,0.1500231856364525,0.1500231856364525,0.1500231856364525
202,0.1101826663656012,0.1101826663656012,0.1101826663656012
203,0.1127353009531302,0.1127353009531302,0.1127353009531302
204,0.1244321418538301,0.1244321418538301,0.1244321418538301
205,0.1235402574798741,0.1235402574798741,0.1235402574798741
206,0.14485195853674648,0.14485195853674648,0.14485195853674648
207,0.1372248094077445,0.1372248094077445,0.1372248094077445
208,0.1292041501287157,0.1292041501287157,0.1292041501287157
209,0.1445507122874739,0.1445507122874739,0.1445507122874739
210,0.2332304126838467,0.2332304126838467,0.2332304126838467
211,0.2375975706528722,0.2375975706528722,0.2375975706528722
212,0.2290069477442257,0.2290069477442257,0.2290069477442257
213,0.3192717973152782,0.3192717973152782,0.3192717973152782
214,0.4315254641000929,0.4315254641000929,0.4315254641000929
215,0.43490847379440795,0.43490847379440795,0.43490847379440795
216,0.2215611377765677,0.2215611377765677,0.2215611377765677
217,0.22958809714217068,0.22958809714217068,0.22958809714217068
218,0.16696906593536773,0.16696906593536773,0.16696906593536773
219,0.17468847896512402,0.17468847896512402,0.17468847896512402
220,0.2162405861664172,0.2162405861664172,0.2162405861664172
221,0.1929285739092255,0.1929285739092255,0.1929285739092255
222,0.1944869800835254,0.1944869800835254,0.1944869800835254
223,0.19593244786200562,0.19593244786200562,0.19593244786200562
224,0.15848893858166452,0.15848893858166452,0.15848893858166452
225,0.17589606119059653,0.17589606119059653,0.17589606119059653
226,0.1578364212219675,0.1578364212219675,0.1578364212219675
227,0.1247946308376445,0.12479463083764449,0.1247946308376445
228,0.04221836541180482,0.042218365411804806,0.04221836541180482
229,0.04361665318367712,0.04361665318367709,0.04361665318367711
230,0.116439457998115,0.11643945799811498,0.11643945799811498
231,0.1098019036409415,0.1098019036409415,0.10980190364094147
232,0.11436493831446368,0.11436493831446365,0.11436493831446368
233,0.10671658739225101,0.10671658739225101,0.10671658739225101
234,0.09193819427189359,0.09193819427189359,0.09193819427189359
235,0.0,0.0,0.0
236,0.0,0.0,0.0
237,0.0,0.0,0.0
238,0.5474419391425047,0.5474419391425047,0.5474419391425047
239,0.4223325880335964,0.4223325880335964,0.4223325880335962
240,0.32026120784458767,0.3202612078445879,0.32026120784458767
241,0.21443166160862326,0.21443166160862326,0.21443166160862326
242,0.17680767546629905,0.1768076754662986,0.1768076754662986
243,0.054530851875040476,0.054530851875040254,0.054530851875040254
244,0.0,0.0,0.0
245,0.0,0.0,0.0
246,0.0,0.0,0.0
247,0.0,0.0,0.0
248,0.11845620669134826,0.11845620669134826,0.11845620669134826
249,0.3012620063637229,0.3012620063637229,0.3012620063637228
250,0.3309838010215824,0.3309838010215824,0.3309838010215824
251,0.13731776699555975,0.13731776699555964,0.13731776699555975
252,0.23841406114784036,0.23841406114784036,0.23841406114784025
253,0.23023500380664164,0.23023500380664164,0.23023500380664152
254,0.0,0.0,0.0
255,0.06515599518272125,0.06515599518272125,0.0651559951827212
256,0.0,0.0,0.0
257,0.0,0.0,0.0
258,0.2935091304428377,0.2935091304428377,0.2935091304428378
259,0.33746915078818973,0.33746915078818973,0.3374691507881897
260,0.0026920247182863066,0.0026920247182863066,0.0026920247182863066
261,0.05714691772559691,0.057146917725596894,0.05714691772559691
262,0.12987292543106263,0.1298729254310626,0.12987292543106263
263,0.14095557239745432,0.14095557239745432,0.14095557239745432
264,0.583750640901001,0.583750640901001,0.583750640901001
265,0.5818746082523352,0.5818746082523352,0.5818746082523352
266,0.1503081288543847,0.1503081288543847,0.1503081288543847
267,0.1704524138523537,0.1704524138523537,0.1704524138523537
268,0.1230733064950635,0.1230733064950635,0.1230733064950635
269,0.12482632060939051,0.12482632060939051,0.12482632060939051
270,0.1417043143608085,0.1417043143608085,0.1417043143608085
271,0.1114725095470625,0.1114725095470625,0.1114725095470625
272,0.2549720871991239,0.2549720871991239,0.2549720871991239
273,0.2600773563741816,0.2600773563741816,0.2600773563741816
274,0.2298995007237156,0.2298995007237156,0.2298995007237156
275,0.2653288386132736,0.2653288386132736,0.2653288386132736
276,0.47992392302315595,0.47992392302315595,0.47992392302315595
277,0.471189607085106,0.471189607085106,0.471189607085106
278,0.39757510023849024,0.39757510023849024,0.39757510023849024
279,0.3706647958518902,0.3706647958518902,0.3706647958518902
280,0.3155592295789816,0.3155592295789816,0.3155592295789816
281,0.3300754166309534,0.3300754166309534,0.3300754166309534
282,0.28903924670224446,0.28903924670224446,0.28903924670224446
283,0.4489325867090254,0.4489325867090254,0.4489325867090254
284,0.5175529885410615,0.5175529885410615,0.5175529885410615
285,0.721794510176959,0.721794510176959,0.721794510176959
286,0.3851041990414069,0.3851041990414069,0.3851041990414069
287,0.31729023198717515,0.31729023198717515,0.31729023198717515
288,0.41468149081617744,0.41468149081617744,0.41468149081617744
289,1.3220662000987435,1.3220662000987435,1.3220662000987435
290,1.488411147798201,1.488411147798201,1.488411147798201
291,1.0681183252298858,1.0681183252298858,1.0681183252298858
292,1.0205435043027593,1.0205435043027593,1.0205435043027593
293,1.4606423108996118,1.4606423108996118,1.4606423108996118
294,0.7028724905879672,0.7028724905879672,0.7028724905879672
295,0.7321509017605872,0.7321509017605872,0.7321509017605872
296,0.6376711757898567,0.6376711757898567,0.6376711757898567
297,0.6277681837755891,0.6277681837755891,0.6277681837755891
298,0.6231417971529569,0.6231417971529569,0.6231417971529569
299,0.6222806674125844,0.6222806674125844,0.6222806674125844
300,0.5985995223586242,0.5985995223586242,0.5985995223586242
301,0.5894653961839716,0.5894653961839716,0.5894653961839716
302,0.6100497347788669,0.6100497347788669,0.6100497347788669
303,0.6203832916633194,0.6203832916633194,0.6203832916633194
304,0.6955522191892787,0.6955522191892787,0.6955522191892787
305,0.7053014380356237,0.7053014380356237,0.7053014380356237
306,0.7075345947196907,0.7075345947196907,0.7075345947196907
307,0.6852067307372083,0.6852067307372083,0.6852067307372083
308,0.6953300452558298,0.6953300452558298,0.6953300452558298
309,0.7026804026825697,0.7026804026825697,0.7026804026825697
310,0.9535629466079731,0.9535629466079731,0.9535629466079731
311,0.9558080348596529,0.9558080348596529,0.9558080348596529
312,0.6524692718071038,0.6524692718071038,0.6524692718071038
313,0.6517619152346562,0.6517619152346562,0.6517619152346562
314,0.7011520825363194,0.7011520825363194,0.7011520825363194
315,0.7147148759471669,0.7147148759471669,0.7147148759471669
316,0.6498783224821015,0.6498783224821015,0.6498783224821015
317,0.6504319058866266,0.6504319058866266,0.6504319058866266
318,0.6401780899235301,0.6401780899235301,0.6401780899235301
319,0.6472824102815926,0.6472824102815926,0.6472824102815926
320,0.6423446972711679,0.6423446972711679,0.6423446972711679
321,0.628781903860323,0.628781903860323,0.628781903860323
322,0.5879448823556158,0.5879448823556158,0.5879448823556158
323,0.5983340810899885,0.5983340810899885,0.5983340810899885
324,0.7986467197854776,0.7986467197854776,0.7986467197854776
325,0.6095504720953409,0.6095504720953409,0.6095504720953409
326,0.4438592318109243,0.4438592318109243,0.4438592318109243
327,0.47850771986956253,0.47850771986956253,0.47850771986956253
328,0.3501176665863598,0.3501176665863598,0.3501176665863598
329,0.31873972764346775,0.31873972764346775,0.3187397276434677
330,0.33631600000141754,0.33631600000141754,0.33631600000141754
331,0.1921264570402394,0.19212645704023945,0.19212645704023945
332,0.0,0.0,0.0
333,0.0,0.0,0.0
334,0.0,0.0,0.0
335,0.0,0.0,0.0
336,0.22848024961729574,0.22848024961729596,0.22848024961729596
337,0.33748514311552147,0.33748514311552147,0.33748514311552147
338,0.2379364698302564,0.2379364698302564,0.2379364698302564
339,0.0,0.0,0.0
340,0.0,0.0,0.0
341,0.0,0.0,0.0
342,0.24088213412595572,0.24088213412595572,0.2408821341259555
343,0.27091249593978195,0.27091249593978195,0.27091249593978195
344,0.3575679154448762,0.3575679154448761,0.3575679154448762
345,0.31567181442255965,0.31567181442255954,0.31567181442255965
346,0.5208152451452095,0.5208152451452094,0.5208152451452095
347,0.44019369133611896,0.44019369133611896,0.44019369133611896
348,0.11540099812026106,0.11540099812026106,0.11540099812026106
349,0.03056806974086168,0.030568069740861792,0.03056806974086168
350,0.013190510179534931,0.013190510179534931,0.013190510179534931
351,0.22731466387675858,0.22731466387675864,0.22731466387675864
352,0.24702388141472698,0.24702388141472698,0.24702388141472698
353,0.7708040357647155,0.7708040357647155,0.7708040357647155
354,0.6970461141112707,0.6970461141112707,0.6970461141112707
355,0.7521174399441376,0.7521174399441376,0.7521174399441376
356,1.1079956998259268,1.1079956998259268,1.1079956998259268
357,0.7524516897523502,0.7524516897523502,0.7524516897523502
358,0.5196288950571425,0.5196288950571425,0.5196288950571425
359,0.6417446520276908,0.6417446520276908,0.6417446520276908
360,0.7999719147006816,0.7999719147006816,0.7999719147006816
361,0.8824865966083917,0.8824865966083917,0.8824865966083917
362,0.7153599774531579,0.7153599774531579,0.7153599774531579
363,0.673718203579493,0.673718203579493,0.673718203579493
364,0.6915037933244252,0.6915037933244252,0.6915037933244252
365,0.6821851393482652,0.6821851393482652,0.6821851393482652
366,0.9908012274534924,0.9908012274534924,0.9908012274534924
367,0.8959231828447375,0.8959231828447375,0.8959231828447375
368,0.5838727331102986,0.5838727331102986,0.5838727331102986
369,0.5141827334074012,0.5141827334074012,0.5141827334074012
370,0.42937019690829004,0.42937019690829004,0.42937019690829004
371,0.43828904064784746,0.43828904064784746,0.43828904064784746
372,0.33689042230735816,0.33689042230735816,0.33689042230735816
373,0.2461950078661202,0.2461950078661202,0.2461950078661202
374,0.2498046401513627,0.2498046401513627,0.2498046401513627
375,0.2455297460830915,0.2455297460830915,0.2455297460830915
376,0.3065997826485795,0.3065997826485795,0.3065997826485795
377,0.2962969803977097,0.2962969803977097,0.2962969803977097
378,0.2914452312014651,0.2914452312014651,0.2914452312014651
379,0.3080219787036106,0.3080219787036106,0.3080219787036106
380,0.23494948352442488,0.23494948352442488,0.23494948352442488
381,0.2410696556077774,0.2410696556077774,0.2410696556077774
382,0.1902841896389697,0.1902841896389697,0.1902841896389697
383,0.3200994979999279,0.3200994979999279,0.3200994979999279
384,0.339530717750655,0.339530717750655,0.339530717750655
385,0.4363155496416625,0.4363155496416625,0.4363155496416625
386,0.6343284866496197,0.6343284866496197,0.6343284866496197
387,0.8221162793177097,0.8221162793177097,0.8221162793177097
388,0.6895945632012996,0.6895945632012996,0.6895945632012996
389,0.7066941394743846,0.7066941394743846,0.7066941394743846
390,0.6446192801391215,0.6446192801391215,0.6446192801391215
391,0.643235321627809,0.643235321627809,0.643235321627809
392,0.6495939706759489,0.6495939706759489,0.6495939706759489
393,0.6368000431047215,0.6368000431047215,0.6368000431047215
394,0.6078058293507458,0.6078058293507458,0.6078058293507458
395,0.5961190685885658,0.5961190685885658,0.5961190685885658
396,0.6072905606836956,0.6072905606836956,0.6072905606836956
397,0.6291878597959906,0.6291878597959906,0.6291878597959906
398,0.5965671965074058,0.5965671965074058,0.5965671965074058
399,0.5945066360572308,0.5945066360572308,0.5945066360572308
400,0.589861426368629,0.589861426368629,0.589861426368629
401,0.5896153892999515,0.5896153892999515,0.5896153892999515
402,0.6475271101392029,0.6475271101392029,0.6475271101392029
403,0.635686576209098,0.635686576209098,0.635686576209098
404,0.637278925657147,0.637278925657147,0.637278925657147
405,0.6394932592752446,0.6394932592752446,0.6394932592752446
406,0.6499416831783661,0.6499416831783661,0.6499416831783661
407,0.6597524112918811,0.6597524112918811,0.6597524112918811
408,0.7151875356067717,0.7151875356067717,0.7151875356067717
409,0.7251520368882092,0.7251520368882092,0.7251520368882092
410,0.9791156756531181,0.9791156756531181,0.9791156756531181
411,0.955188570724233,0.955188570724233,0.955188570724233
412,0.659773162980701,0.659773162980701,0.659773162980701
413,0.6419354755015836,0.6419354755015836,0.6419354755015836
414,0.85732331502456,0.85732331502456,0.85732331502456
415,0.8852485223194526,0.8852485223194526,0.8852485223194526
416,0.6423553688214694,0.6423553688214694,0.6423553688214694
417,0.6492444067444368,0.6492444067444368,0.6492444067444368
418,0.6177269088282588,0.6177269088282588,0.6177269088282588
419,0.569870267819561,0.5698702678195608,0.569870267819561
420,0.5316078590912962,0.5316078590912962,0.5316078590912962
421,0.49171155672237843,0.49171155672237843,0.49171155672237843
422,0.4807549057051048,0.4807549057051048,0.4807549057051048
423,0.5124338534896578,0.5124338534896578,0.5124338534896578
424,0.6225893938289084,0.6225893938289084,0.6225893938289084
425,0.6467809714302881,0.6467809714302881,0.6467809714302881
426,0.41567336696532514,0.41567336696532514,0.4156733669653252
427,0.0,0.0,0.0
428,0.0,0.0,0.0
429,0.0,0.0,0.0
430,0.0,0.0,0.0
431,0.0,0.0,0.0
432,0.0,0.0,0.0
433,0.0,0.0,0.0
434,0.0,0.0,0.0
435,0.0,0.0,0.0
436,0.0,0.0,0.0
437,0.0,0.0,0.0
438,0.0,0.0,0.0
439,0.0,0.0,0.0
440,0.0,0.0,0.0
441,0.0,0.0,0.0
442,0.07494525942184127,0.07494525942184138,0.07494525942184127
443,0.09902923874650893,0.09902923874650904,0.09902923874650893
444,0.09333065266968044,0.09333065266968021,0.09333065266968021
445,0.039831919492888446,0.039831919492888446,0.039831919492888335
446,0.15312406523301791,0.15312406523301791,0.15312406523301791
447,0.27550614183172667,0.27550614183172667,0.2755061418317266
448,0.318220431232346,0.318220431232346,0.31822043123234595
449,0.3776449208121425,0.3776449208121425,0.3776449208121425
450,0.5165146027364458,0.5165146027364457,0.5165146027364458
451,0.6937518808926619,0.6937518808926619,0.6937518808926619
452,0.4459159583140705,0.4459159583140705,0.4459159583140705
453,0.503344832977186,0.503344832977186,0.503344832977186
454,0.7446646669262748,0.7446646669262748,0.7446646669262748
455,0.7848545214089443,0.7848545214089443,0.7848545214089443
456,0.8066444800892386,0.8066444800892386,0.8066444800892386
457,0.8231552769424945,0.8231552769424945,0.8231552769424945
458,0.6620302599937516,0.6620302599937516,0.6620302599937516
459,0.6568327269179391,0.6568327269179391,0.6568327269179391
460,0.8511631050238986,0.8511631050238986,0.8511631050238986
461,0.680105833025876,0.680105833025876,0.680105833025876
462,0.4823510962354707,0.4823510962354707,0.4823510962354707
463,0.4875486293112832,0.4875486293112832,0.4875486293112832
464,0.4232004471253804,0.4232004471253804,0.4232004471253804
465,0.9580235251630654,0.9580235251630654,0.9580235251630654
466,1.1214302219211296,1.1214302219211296,1.1214302219211296
467,0.6486392398237567,0.6486392398237567,0.6486392398237567
468,0.49438148067310883,0.49438148067310883,0.49438148067310883
469,0.5323326985166114,0.5323326985166114,0.5323326985166114
470,0.5159498903489587,0.5159498903489587,0.5159498903489587
471,1.1009645303968487,1.1009645303968487,1.1009645303968487
472,0.76893683761105,0.76893683761105,0.76893683761105
473,0.54467404951152,0.54467404951152,0.54467404951152
474,0.5983736455669856,0.5983736455669856,0.5983736455669856
475,0.49291600700509813,0.49291600700509813,0.49291600700509813
476,0.5956273032262223,0.5956273032262223,0.5956273032262223
477,0.5516789318337072,0.5516789318337072,0.5516789318337072
478,0.5779208629908682,0.5779208629908682,0.5779208629908682
479,0.5835797155704506,0.5835797155704506,0.5835797155704506
480,0.511802617860013,0.511802617860013,0.511802617860013
481,0.4801560999013705,0.4801560999013705,0.4801560999013705
482,0.43140807704679546,0.43140807704679546,0.43140807704679546
483,0.40997209743826796,0.40997209743826796,0.40997209743826796
484,0.3045665566105662,0.3045665566105662,0.3045665566105662
485,0.1727214424330187,0.1727214424330187,0.1727214424330187
486,0.1971275071080829,0.1971275071080829,0.1971275071080829
487,0.20152541971069288,0.20152541971069288,0.20152541971069288
488,0.1528601720301329,0.1528601720301329,0.1528601720301329
489,0.1613484508995061,0.1613484508995061,0.1613484508995061
490,0.1575059731305158,0.1575059731305158,0.1575059731305158
491,0.1571369175274996,0.1571369175274996,0.1571369175274996
492,0.1729454677955627,0.1729454677955627,0.1729454677955627
493,0.1576911695375585,0.1576911695375585,0.1576911695375585
494,0.13644468060604661,0.13644468060604661,0.13644468060604661
495,0.1369367547434016,0.1369367547434016,0.1369367547434016
496,0.1274793706133437,0.1274793706133437,0.1274793706133437
497,0.13719783482610448,0.13719783482610448,0.13719783482610448
498,0.1371771603310386,0.1371771603310386,0.1371771603310386
499,0.1471724162460616,0.1471724162460616,0.1471724162460616
500,0.2207232025658919,0.2207232025658919,0.2207232025658919
501,0.2010094824381084,0.2010094824381084,0.2010094824381084
502,0.16950598890333687,0.16950598890333687,0.16950598890333687
503,0.1655386411709124,0.1655386411709124,0.1655386411709124
504,0.1555063305357304,0.1555063305357304,0.1555063305357304
505,0.1640868733058579,0.1640868733058579,0.1640868733058579
506,0.15433076296115741,0.15433076296115741,0.15433076296115741
507,0.1634648891358092,0.1634648891358092,0.1634648891358092
508,0.15204357992005668,0.15204357992005668,0.15204357992005668
509,0.1466307644091519,0.1466307644091519,0.1466307644091519
510,0.1830103844934247,0.1830103844934247,0.1830103844934247
511,0.1564998903434257,0.1564998903434257,0.1564998903434257
512,0.14384780437250488,0.14384780437250488,0.14384780437250488
513,0.1656835942176319,0.1656835942176319,0.1656835942176319
514,0.11302320267937492,0.1130232026793749,0.1130232026793749
515,0.10045511549900951,0.1004551154990095,0.1004551154990095
516,0.0748602640108216,0.07486026401082159,0.07486026401082159
517,0.05122151385536669,0.05122151385536666,0.05122151385536669
518,0.04044599371684568,0.04044599371684568,0.04044599371684571
519,0.07807935642552691,0.07807935642552691,0.07807935642552688
520,0.1478882945609713,0.1478882945609713,0.1478882945609713
521,0.13204144557834702,0.13204144557834702,0.13204144557834696
522,0.17715087757671016,0.17715087757671016,0.1771508775767101
523,0.10289192488998655,0.10289192488998655,0.1028919248899865
524,0.04189555660728983,0.04189555660728983,0.04189555660728961
525,0.0,0.0,0.0
526,0.18407134213352272,0.18407134213352272,0.18407134213352272
527,0.0,0.0,0.0
528,0.05790680561213457,0.05790680561213479,0.05790680561213479
529,0.42287195647993236,0.4228719564799328,0.4228719564799328
530,0.09663496942153182,0.09663496942153182,0.09663496942153182
531,0.0,0.0,0.0
532,0.0,0.0,0.0
533,0.0,0.0,0.0
534,0.0,0.0,0.0
535,0.0,0.0,0.0
536,0.0,0.0,0.0
537,0.2543452018575699,0.2543452018575699,0.2543452018575698
538,0.3296793155088361,0.329679315508836,0.3296793155088361
539,0.3671210287265585,0.3671210287265585,0.3671210287265585
540,0.27596588556360824,0.27596588556360824,0.27596588556360835
541,0.14682324456159468,0.14682324456159468,0.14682324456159446
542,0.1901132980931235,0.19011329809312338,0.19011329809312327
543,0.25184648130423315,0.25184648130423315,0.25184648130423315
544,0.3196683507173384,0.31966835071733835,0.31966835071733846
545,0.3912300275688486,0.3912300275688486,0.3912300275688486
546,0.3669838161757428,0.3669838161757427,0.3669838161757427
547,0.5238015295489258,0.5238015295489258,0.5238015295489258
548,0.585738072374667,0.5857380723746669,0.5857380723746669
549,0.5808159908472548,0.5808159908472548,0.5808159908472548
550,0.3489243581144991,0.3489243581144991,0.3489243581144991
551,0.3512327167073465,0.3512327167073465,0.3512327167073465
552,0.5422038564057339,0.5422038564057339,0.5422038564057339
553,0.5550592932441327,0.5550592932441327,0.5550592932441327
554,0.2822876017221047,0.2822876017221047,0.2822876017221047
555,0.2832717499968147,0.2832717499968147,0.2832717499968147
556,0.299683384175203,0.299683384175203,0.299683384175203
557,0.4642821831204415,0.4642821831204415,0.4642821831204415
558,0.8253956849554374,0.8253956849554374,0.8253956849554374
559,0.4883556555008674,0.4883556555008674,0.4883556555008674
560,0.4718776263735565,0.4718776263735565,0.4718776263735565
561,0.41101420650946374,0.41101420650946374,0.41101420650946374
562,0.355336902371595,0.355336902371595,0.355336902371595
563,0.35764349989044647,0.35764349989044647,0.35764349989044647
564,0.3922306082993569,0.3922306082993569,0.3922306082993569
565,0.3980124794132777,0.3980124794132777,0.3980124794132777
566,0.36267154817877567,0.36267154817877567,0.36267154817877567
567,0.3881978940540657,0.3881978940540657,0.3881978940540657
568,0.346465707708742,0.346465707708742,0.346465707708742
569,0.2225860436296282,0.2225860436296282,0.2225860436296282
570,0.17607680894015998,0.17607680894015998,0.17607680894015998
571,0.1648821223153345,0.1648821223153345,0.1648821223153345
572,0.1347481356896292,0.1347481356896292,0.1347481356896292
573,0.1410528355744897,0.1410528355744897,0.1410528355744897
574,0.1114593179621329,0.1114593179621329,0.1114593179621329
575,0.3002620135385189,0.3002620135385189,0.3002620135385189
576,0.43016907158220374,0.43016907158220374,0.43016907158220374
577,0.39790746095186874,0.39790746095186874,0.39790746095186874
578,0.5311084795675247,0.5311084795675247,0.5311084795675247
579,0.4630484754446154,0.4630484754446154,0.4630484754446154
580,0.582448943345679,0.582448943345679,0.582448943345679
581,0.6025317190764787,0.6025317190764787,0.6025317190764787
582,0.20377117656790922,0.20377117656790922,0.20377117656790922
583,0.2163805763376302,0.2163805763376302,0.2163805763376302
584,0.2200371890940439,0.2200371890940439,0.2200371890940439
585,0.2049981732711326,0.2049981732711326,0.2049981732711326
586,0.20499313320187287,0.20499313320187287,0.20499313320187287
587,0.1925375066000752,0.1925375066000752,0.1925375066000752
588,0.1091834750768664,0.1091834750768664,0.1091834750768664
589,0.1392307520891041,0.1392307520891041,0.1392307520891041
590,0.1281195864375817,0.1281195864375817,0.1281195864375817
591,0.1322714619715144,0.1322714619715144,0.1322714619715144
592,0.1321546663299967,0.1321546663299967,0.1321546663299967
593,0.1081660521339419,0.1081660521339419,0.1081660521339419
594,0.1854262175499045,0.1854262175499045,0.1854262175499045
595,0.1881941345725262,0.1881941345725262,0.1881941345725262
596,0.1783596205175352,0.1783596205175352,0.1783596205175352
597,0.1963818357981609,0.1963818357981609,0.1963818357981609
598,0.1356318685479152,0.1356318685479152,0.1356318685479152
599,0.1218230380683912,0.1218230380683912,0.1218230380683912
600,0.1453063865421616,0.1453063865421616,0.1453063865421616
601,0.1250083283762691,0.1250083283762691,0.1250083283762691
602,0.1295116964645627,0.1295116964645627,0.1295116964645627
603,0.1586363344692599,0.1586363344692599,0.1586363344692599
604,0.14860469243961208,0.14860469243961208,0.14860469243961208
605,0.14568300224906688,0.14568300224906688,0.14568300224906688
606,0.1971400300874784,0.1971400300874784,0.1971400300874784
607,0.1779183840970499,0.1779183840970499,0.1779183840970499
608,0.2239782308503624,0.2239782308503624,0.2239782308503624
609,0.22228672600320493,0.22228672600320493,0.22228672600320493
610,0.17356878917667973,0.17356878917667973,0.17356878917667973
611,0.19577363462482272,0.19577363462482272,0.19577363462482272
612,0.14412437469006997,0.14412437469006997,0.14412437469006997
613,0.1303876114334867,0.13038761143348668,0.1303876114334867
614,0.20224514052007767,0.20224514052007767,0.20224514052007767
615,0.1986946984742088,0.1986946984742088,0.1986946984742088
616,0.14665619641793853,0.14665619641793853,0.14665619641793853
617,0.18585494421158016,0.18585494421158016,0.18585494421158016
618,0.1881144186209426,0.1881144186209426,0.18811441862094264
619,0.1356209496304014,0.1356209496304014,0.1356209496304014
620,0.10573997329815538,0.10573997329815532,0.10573997329815532
621,0.0,0.0,0.0
622,0.23701475235613945,0.23701475235613956,0.23701475235613956
623,0.20189497103322074,0.20189497103322074,0.20189497103322074
624,0.02877635217048158,0.02877635217048158,0.02877635217048158
625,0.0,0.0,0.0
626,0.17394984673249636,0.17394984673249625,0.17394984673249625
627,0.2907361693294539,0.2907361693294539,0.2907361693294539
628,0.6980867041977534,0.6980867041977533,0.6980867041977534
629,1.4246094525493724,1.4246094525493724,1.4246094525493724
630,1.2277011387362293,1.227701138736229,1.227701138736229
631,1.1006436103622546,1.1006436103622546,1.1006436103622543
632,1.4882652945952106,1.4882652945952106,1.4882652945952106
633,1.363894896532603,1.363894896532603,1.363894896532603
634,0.939874494090098,0.939874494090098,0.939874494090098
635,0.9485473866426487,0.9485473866426487,0.9485473866426487
636,0.9001834565714493,0.9001834565714493,0.9001834565714493
637,0.768013528844766,0.7680135288447659,0.7680135288447659
638,0.5187642054963131,0.5187642054963131,0.5187642054963131
639,0.3450713386935848,0.3450713386935848,0.34507133869358486
640,0.47921801168890454,0.4792180116889045,0.47921801168890454
641,0.515317078984678,0.515317078984678,0.5153170789846779
642,0.42824773379516234,0.42824773379516234,0.42824773379516234
643,0.49311101709926153,0.49311101709926153,0.49311101709926153
644,0.5264368766749551,0.5264368766749551,0.5264368766749551
645,0.5142197445322547,0.5142197445322547,0.5142197445322547
646,0.6986328158929095,0.6986328158929095,0.6986328158929095
647,0.8852253700761211,0.8852253700761211,0.8852253700761211
648,1.782346295358216,1.782346295358216,1.782346295358216
649,1.6703071652092063,1.6703071652092063,1.6703071652092063
650,1.225455147265192,1.225455147265192,1.225455147265192
651,1.200082574557827,1.200082574557827,1.200082574557827
652,1.0385303357665692,1.0385303357665692,1.0385303357665692
653,0.777238968831079,0.777238968831079,0.777238968831079
654,0.7457262953445837,0.7457262953445837,0.7457262953445837
655,0.7564904170992237,0.7564904170992237,0.7564904170992237
656,0.8080569631120288,0.8080569631120288,0.8080569631120288
657,0.9277539970236263,0.9277539970236263,0.9277539970236263
658,1.2160574981669616,1.2160574981669616,1.2160574981669616
659,0.8747425746441192,0.8747425746441192,0.8747425746441192
660,1.1663824648411185,1.1663824648411185,1.1663824648411185
661,1.5482319954285757,1.5482319954285757,1.5482319954285757
662,1.3096871257781404,1.3096871257781404,1.3096871257781404
663,0.997250803191318,0.997250803191318,0.997250803191318
664,0.8378928149348717,0.8378928149348717,0.8378928149348717
665,0.5989293119818642,0.5989293119818642,0.5989293119818642
666,0.5268021361218892,0.5268021361218892,0.5268021361218892
667,0.5789312400479292,0.5789312400479292,0.5789312400479292
668,0.4930636344739529,0.4930636344739529,0.4930636344739529
669,0.4365366179453004,0.4365366179453004,0.4365366179453004
670,0.49147203082519336,0.49147203082519336,0.49147203082519336
671,0.5043274676635909,0.5043274676635909,0.5043274676635909
