t,Load,PV,P_imp,P_exp,P_ch,P_dis,P_curt,E,c_grid,c_sell
1,0.18042277030102213,0.0,0.18042277030102213,0.0,0.0,-0.0,0.0,5.0,0.27,0.06
2,0.12031507389686937,0.0,0.0,0.0,0.0,0.12031507389686937,0.0,4.873352553792769,0.27,0.06
3,0.09968108856410063,0.0,0.0,0.0,0.0,0.09968108856410063,0.0,4.768425092146347,0.27,0.06
4,0.048046284687896505,0.0,0.0,0.0,0.0,0.048046284687896505,0.0,4.717850055632772,0.27,0.06
5,0.0372807271229735,0.0,0.0,0.0,0.0,0.0372807271229735,0.0,4.67860718497701,0.27,0.06
6,0.03080145636630712,0.0,0.0,0.0,0.0,0.03080145636630712,0.0,4.646184599328266,0.27,0.06
7,0.04385967896820421,0.0,0.0,0.0,0.0,0.04385967896820421,0.0,4.600016516203841,0.27,0.06
8,0.03349284575753788,0.0,0.0,0.0,0.0,0.03349284575753788,0.0,4.564760889090643,0.27,0.06
9,0.04645138727087088,0.002973394369266323,0.0,0.0,0.0,0.043477992901604555,0.0,4.518994580773164,0.27,0.06
10,0.04176637610835812,0.014220581766056313,0.02754579434230181,0.0,0.0,0.0,0.0,4.518994580773164,0.27,0.06
11,0.07157102158902424,0.025597047178901367,0.0,0.0,0.0,0.04597397441012288,0.0,4.47060092349935,0.27,0.06
12,0.3713120449331663,0.11531599032111126,0.255996054612055,0.0,0.0,0.0,0.0,4.47060092349935,0.27,0.06
13,0.6404509940243464,0.17299984108487776,0.4674511529394686,0.0,0.0,0.0,0.0,4.47060092349935,0.27,0.06
14,0.46989665149117,0.18998697239451234,0.27990967909665765,0.0,0.0,0.0,0.0,4.47060092349935,0.27,0.06
15,0.5030904440149062,0.07901472341285108,0.4240757206020551,0.0,0.0,0.0,0.0,4.47060092349935,0.27,0.06
16,0.4213519613604537,0.06745726877752896,0.3538946925829248,0.0,0.0,0.0,0.0,4.47060092349935,0.27,0.06
17,0.06509175083235774,0.027613784229360273,0.0,0.0,0.0,0.03747796660299747,0.0,4.4311504323383,0.27,0.06
18,0.09051042841620338,0.010549086110092684,0.0,0.0,0.0,0.0799613423061107,0.0,4.346980598331868,0.27,0.06
19,0.07824965452281904,0.0,0.0,0.0,0.0,0.07824965452281904,0.0,4.264612540939427,0.27,0.06
20,0.022129201661230398,0.0,0.0,0.0,0.0,0.022129201661230398,0.0,4.241318644453921,0.27,0.06
21,0.037181046034409505,0.0,0.0,0.0,0.0,0.037181046034409505,0.0,4.202180701259806,0.27,0.06
22,0.05243225258471687,0.0,0.0,0.0,0.0,0.05243225258471687,0.0,4.146988856433788,0.27,0.06
23,0.031598905074819855,0.0,0.0,0.0,0.0,0.031598905074819855,0.0,4.113726851091872,0.27,0.06
24,0.013556628044717689,0.0,0.0,0.0,0.0,0.013556628044717689,0.0,4.099456716307959,0.27,0.06
25,0.0441587222338965,0.0,0.0,0.0,0.0,0.0441587222338965,0.0,4.052973850798594,0.27,0.06
26,0.03199762942907637,0.0,0.0,0.0,0.0,0.03199762942907637,0.0,4.019292135610092,0.27,0.06
27,0.028907515683589173,0.0,0.0,0.0,0.0,0.028907515683589173,0.0,3.9888631717326297,0.27,0.06
28,0.02302633145830724,0.0,0.0,0.0,0.0,0.02302633145830724,0.0,3.9646249280923063,0.27,0.06
29,0.03409093228892241,0.0,0.0,0.0,0.0,0.03409093228892241,0.0,3.9287397362092302,0.27,0.06
30,0.04734851706794775,0.0,0.0,0.0,0.0,0.04734851706794775,0.0,3.87889919192718,0.27,0.06
31,0.05233257149615288,0.0,0.0,0.0,0.0,0.05233257149615288,0.0,3.8238122745628087,0.27,0.06
32,0.045853300739486375,0.0,0.045853300739486375,0.0,0.0,0.0,0.0,3.8238122745628087,0.27,0.06
33,0.03399125120035825,0.0032836616077984576,0.030707589592559793,0.0,0.0,0.0,0.0,3.8238122745628087,0.27,0.06
34,0.039772754337076124,0.014556704607799467,0.025216049729276657,0.0,0.0,0.0,0.0,3.8238122745628087,0.27,0.06
35,0.0331938024918455,0.026941538545873965,0.006252263945971538,0.0,0.0,0.0,0.0,3.8238122745628087,0.27,0.06
36,0.21421465932425238,0.11616922522707462,0.09804543409717775,0.0,0.0,0.0,0.0,3.8238122745628087,0.27,0.06
37,0.39294284115157624,0.17318083030735493,0.2197620108442213,0.0,0.0,0.0,0.0,3.8238122745628087,0.27,0.06
38,0.25887178700096913,0.19210713185781533,0.0667646551431538,0.0,0.0,0.0,0.0,3.8238122745628087,0.27,0.06
39,0.21979680028384185,0.0819364065756954,0.13786039370814646,0.0,0.0,0.0,0.0,3.8238122745628087,0.27,0.06
40,0.23315406615143075,0.06957742824083195,0.1635766379105988,0.0,0.0,0.0,0.0,3.8238122745628087,0.27,0.06
41,0.0668860104265115,0.029656376883030175,0.03722963354348133,0.0,0.0,0.0,0.0,3.8238122745628087,0.27,0.06
42,0.052332571496152815,0.01093692015825786,0.041395651337894954,0.0,0.0,0.0,0.0,3.8238122745628087,0.27,0.06
43,0.06927835655204996,0.0,0.06927835655204996,0.0,0.0,0.0,0.0,3.8238122745628087,0.27,0.06
44,0.0246212288753328,0.0,0.0246212288753328,0.0,0.0,0.0,0.0,3.8238122745628087,0.27,0.06
45,0.025618039760973876,0.0,0.025618039760973876,0.0,0.0,0.0,0.0,3.8238122745628087,0.27,0.06
46,0.034788699908871124,0.0,0.034788699908871124,0.0,0.0,0.0,0.0,3.8238122745628087,0.27,0.06
47,0.027113256089435336,0.0,0.027113256089435336,0.0,0.0,0.0,0.0,3.8238122745628087,0.27,0.06
48,0.020135579889948324,0.0,0.020135579889948324,0.0,0.0,0.0,0.0,3.8238122745628087,0.27,0.06
49,0.01714514723302531,0.0,0.01714514723302531,0.0,0.0,0.0,0.0,3.8238122745628087,0.27,0.06
50,0.02202952057266625,0.0,0.02202952057266625,0.0,0.0,0.0,0.0,3.8238122745628087,0.27,0.06
51,0.019736855535691888,0.0,0.019736855535691888,0.0,0.0,0.0,0.0,3.8238122745628087,0.27,0.06
52,0.018640363561486826,0.0,0.018640363561486826,0.0,0.0,0.0,0.0,3.8238122745628087,0.27,0.06
53,0.03927434889425564,0.0,0.03927434889425564,0.0,0.0,0.0,0.0,3.8238122745628087,0.27,0.06
54,0.044956170942409376,0.0,0.044956170942409376,0.0,0.0,0.0,0.0,3.8238122745628087,0.27,0.06
55,0.040570203045589004,0.0,0.040570203045589004,0.0,0.0,0.0,0.0,3.8238122745628087,0.27,0.06
56,0.043660316791076126,0.0,0.043660316791076126,0.0,0.0,0.0,0.0,3.8238122745628087,0.27,0.06
57,0.03478869990887113,0.0032836616077984602,0.03150503830107267,0.0,0.0,0.0,0.0,3.8238122745628087,0.27,0.06
58,0.014852482196050999,0.014841116243120584,0.0,0.0,0.0,1.1365952930414425e-05,0.0,3.8238003104018294,0.27,0.06
59,0.019238450092871413,0.02738108380046117,0.0,-0.0,0.008142633707589757,0.0,0.0,3.8315358124240397,0.27,0.06
60,0.21042678792692582,0.1172293049587261,0.09319748296819971,0.0,0.0,0.0,0.0,3.8315358124240397,0.27,0.06
61,0.3683216222443525,0.1734135307362541,0.1949080915080984,0.0,0.0,0.0,0.0,3.8315358124240397,0.27,0.06
62,0.1974682264773745,0.19249496590598056,0.004973260571393939,0.0,0.0,0.0,0.0,3.8315358124240397,0.27,0.06
63,0.1900918358917399,0.08413413284863135,0.10595770304310854,0.0,0.0,0.0,0.0,3.8315358124240397,0.27,0.06
64,0.18640363561486825,0.07099948641743756,0.1154041491974307,0.0,0.0,0.0,0.0,3.8315358124240397,0.27,0.06
65,0.0936005421616905,0.029889077311929284,0.06371146484976122,0.0,0.0,0.0,0.0,3.8315358124240397,0.27,0.06
66,0.0331938024918455,0.011583310238533144,0.02161049225331236,0.0,0.0,0.0,0.0,3.8315358124240397,0.27,0.06
67,0.09659097481861353,0.0,0.09659097481861353,0.0,0.0,0.0,0.0,3.8315358124240397,0.27,0.06
68,0.019637174447127814,0.0,0.019637174447127814,0.0,0.0,0.0,0.0,3.8315358124240397,0.27,0.06
69,0.059409928784203994,0.0,0.059409928784203994,0.0,0.0,0.0,0.0,3.8315358124240397,0.27,0.06
70,0.05781503136717825,0.0,0.05781503136717825,0.0,0.0,0.0,0.0,3.8315358124240397,0.27,0.06
71,0.0421651004626145,0.0,0.0421651004626145,0.0,0.0,0.0,0.0,3.8315358124240397,0.27,0.06
72,0.033692207934666,0.0,0.033692207934666,0.0,0.0,0.0,0.0,3.8315358124240397,0.27,0.06
73,0.09878395876702374,0.0,0.09878395876702374,0.0,0.0,0.0,0.0,3.8315358124240397,0.27,0.06
74,0.10416673754948512,0.0,0.10416673754948512,0.0,0.0,0.0,0.0,3.8315358124240397,0.27,0.06
75,0.025817401938102003,0.0,0.025817401938102003,0.0,0.0,0.0,0.0,3.8315358124240397,0.27,0.06
76,0.020035898801384226,0.0,0.020035898801384226,0.0,0.0,0.0,0.0,3.8315358124240397,0.27,0.06
77,0.050837355167691375,0.0,0.050837355167691375,0.0,0.0,0.0,0.0,3.8315358124240397,0.27,0.06
78,0.09579352611010061,0.0,0.09579352611010061,0.0,0.0,0.0,0.0,3.8315358124240397,0.27,0.06
79,0.045554257473794005,0.0,0.045554257473794005,0.0,0.0,0.0,0.0,3.8315358124240397,0.27,0.06
80,0.03698168385728137,0.0,0.03698168385728137,0.0,0.0,0.0,0.0,3.8315358124240397,0.27,0.06
81,0.03229667269476862,0.005145265038991282,0.02715140765577734,0.0,0.0,0.0,0.0,3.8315358124240397,0.27,0.06
82,0.0351874242631275,0.01939170240825862,0.01579572185486888,0.0,0.0,0.0,0.0,3.8315358124240397,0.27,0.06
83,0.0282097480636405,0.031388702298167946,0.0,-0.0,0.0031789542345274473,0.0,0.0,3.834555818946841,0.27,0.06
84,0.08413083874810096,0.11766885021331332,0.0,-0.0,0.03353801146521236,0.0,0.0,3.8664169298387927,0.27,0.06
85,0.1615830445624071,0.17287056306882284,0.0,-0.0,0.011287518506415739,0.0,0.0,3.8771400724198877,0.27,0.06
86,0.18281511642656062,0.1906592180779987,0.0,-0.0,0.00784410165143809,0.0,0.0,3.884591968988754,0.27,0.06
87,0.1828151164265605,0.08478052292890667,0.09803459349765384,0.0,0.0,0.0,0.0,3.884591968988754,0.27,0.06
88,0.12948573404476676,0.06944815022477684,0.06003758381998993,0.0,0.0,0.0,0.0,3.884591968988754,0.27,0.06
89,0.0244218666982047,0.030302766963305448,0.0,-0.0,0.005880900265101019,0.0,0.0,3.8901788242406,0.27,0.06
90,0.06977676199487048,0.011996999889909335,0.05777976210496115,0.0,0.0,0.0,0.0,3.8901788242406,0.27,0.06
91,0.05592109068446037,0.0,0.05592109068446037,0.0,0.0,0.0,0.0,3.8901788242406,0.27,0.06
92,0.052531933673281,0.0,0.052531933673281,0.0,0.0,0.0,0.0,3.8901788242406,0.27,0.06
93,0.048843733396409246,0.0,0.048843733396409246,0.0,0.0,0.0,0.0,3.8901788242406,0.27,0.06
94,0.05332938238179375,0.0,0.05332938238179375,0.0,0.0,0.0,0.0,3.8901788242406,0.27,0.06
95,0.06828154566640887,0.0,0.06828154566640887,0.0,0.0,0.0,0.0,3.8901788242406,0.27,0.06
96,0.041267970665537626,0.0,0.041267970665537626,0.0,0.0,0.0,0.0,3.8901788242406,0.27,0.06
97,0.03488838099743517,0.0,0.03488838099743517,0.0,0.0,0.0,0.0,3.8901788242406,0.27,0.06
98,0.04037084086846075,0.0,0.04037084086846075,0.0,0.0,0.0,0.0,3.8901788242406,0.27,0.06
99,0.023524736901127725,0.0,0.023524736901127725,0.0,0.0,0.0,0.0,3.8901788242406,0.27,0.06
100,0.0166467417902048,0.0,0.0166467417902048,0.0,0.0,0.0,0.0,3.8901788242406,0.27,0.06
101,0.02103270968702521,0.0,0.02103270968702521,0.0,0.0,0.0,0.0,3.8901788242406,0.27,0.06
102,0.030602094189179,0.0,0.030602094189179,0.0,0.0,0.0,0.0,3.8901788242406,0.27,0.06
103,0.09968108856410063,0.0,0.09968108856410063,0.0,0.0,0.0,0.0,3.8901788242406,0.27,0.06
104,0.073265600094614,0.0,0.073265600094614,0.0,0.0,0.0,0.0,3.8901788242406,0.27,0.06
105,0.03837721909717875,0.004111040910550827,0.03426617818662792,0.0,0.0,0.0,0.0,3.8901788242406,0.27,0.06
106,0.028907515683589124,0.01796964423165298,0.010937871451936143,0.0,0.0,0.0,0.0,3.8901788242406,0.27,0.06
107,0.014154714576102286,0.033457150555048866,0.0,-0.0,0.01930243597894658,0.0,0.0,3.908516138420599,0.27,0.06
108,0.09031106623907513,0.12020269932799241,0.0,-0.0,0.029891633088917277,0.0,0.0,3.9369131898550704,0.27,0.06
109,0.15191397897168937,0.1693800566353362,0.0,-0.0,0.01746607766364683,0.0,0.0,3.9535059636355347,0.27,0.06
110,0.160486552588202,0.18884932585322795,0.0,-0.0,0.028362773265025953,0.0,0.0,3.9804505982373093,0.27,0.06
111,0.17912691614968887,0.08847787418808131,0.09064904196160756,0.0,0.0,0.0,0.0,3.9804505982373093,0.27,0.06
112,0.17673457002415038,0.07009454030505216,0.10664002971909822,0.0,0.0,0.0,0.0,3.9804505982373093,0.27,0.06
113,0.17085338579886838,0.031905814362388187,0.1389475714364802,0.0,0.0,0.0,0.0,3.9804505982373093,0.27,0.06
114,0.06309812906107562,0.012048711096331353,0.05104941796474427,0.0,0.0,0.0,0.0,3.9804505982373093,0.27,0.06
115,0.06160291273261412,2.5855603211011505e-05,0.061577057129403104,0.0,0.0,0.0,0.0,3.9804505982373093,0.27,0.06
116,0.051933847141896375,0.0,0.051933847141896375,0.0,0.0,0.0,0.0,3.9804505982373093,0.27,0.06
117,0.033991251200358286,0.0,0.033991251200358286,0.0,0.0,0.0,0.0,3.9804505982373093,0.27,0.06
118,0.0147528011074869,0.0,0.0147528011074869,0.0,0.0,0.0,0.0,3.9804505982373093,0.27,0.06
119,0.0171451472330253,0.0,0.0171451472330253,0.0,0.0,0.0,0.0,3.9804505982373093,0.27,0.06
120,0.05901120442994763,0.0,0.05901120442994763,0.0,0.0,0.0,0.0,3.9804505982373093,0.27,0.06
121,0.03817785692005062,0.0,0.03817785692005062,0.0,0.0,0.0,0.0,3.9804505982373093,0.27,0.06
122,0.03987243542564025,0.0,0.03987243542564025,0.0,0.0,0.0,0.0,3.9804505982373093,0.27,0.06
123,0.026913893912307203,0.0,0.026913893912307203,0.0,0.0,0.0,0.0,3.9804505982373093,0.27,0.06
124,0.026415488469486725,0.0,0.026415488469486725,0.0,0.0,0.0,0.0,3.9804505982373093,0.27,0.06
125,0.02252792601548674,0.0,0.02252792601548674,0.0,0.0,0.0,0.0,3.9804505982373093,0.27,0.06
126,0.03748008930010175,0.0,0.03748008930010175,0.0,0.0,0.0,0.0,3.9804505982373093,0.27,0.06
127,0.030303050923486625,0.0,0.030303050923486625,0.0,0.0,0.0,0.0,3.9804505982373093,0.27,0.06
128,0.027412299355127748,0.0,0.027412299355127748,0.0,0.0,0.0,0.0,3.9804505982373093,0.27,0.06
129,0.028907515683589124,0.0033353728142204823,0.025572142869368642,0.0,0.0,0.0,0.0,3.9804505982373093,0.27,0.06
130,0.02432218560964055,0.021873840316515722,0.0024483452931248276,0.0,0.0,0.0,0.0,3.9804505982373093,0.27,0.06
131,0.025119634318153387,0.04043816342202197,0.0,-0.0,0.015318529103868585,0.0,0.0,3.9950032008859844,0.27,0.06
132,0.08861648773348549,0.12154719069496504,0.0,-0.0,0.03293070296147835,0.0,0.0,4.026287368699389,0.27,0.06
133,0.16218113109379176,0.18243713625689703,0.0,-0.0,0.020256005163105273,0.0,0.0,4.045530573604339,0.27,0.06
134,0.167464228787689,0.1917192978096501,0.0,-0.0,0.024255069021961118,0.0,0.0,4.068572889175202,0.27,0.06
135,0.18161894336379125,0.09892353788532994,0.08269540547846131,0.0,0.0,0.0,0.0,4.068572889175202,0.27,0.06
136,0.184310332755022,0.08441854448395252,0.0998917882710695,0.0,0.0,0.0,0.0,4.068572889175202,0.27,0.06
137,0.1796253215925092,0.04778115473394923,0.13184416685855999,0.0,0.0,0.0,0.0,4.068572889175202,0.27,0.06
138,0.11792272777133113,0.0130570796215608,0.10486564814977033,0.0,0.0,0.0,0.0,4.068572889175202,0.27,0.06
139,0.07316591900604988,0.0,0.07316591900604988,0.0,0.0,0.0,0.0,4.068572889175202,0.27,0.06
140,0.03229667269476865,0.0,0.03229667269476865,0.0,0.0,0.0,0.0,4.068572889175202,0.27,0.06
141,0.055223323064511755,0.0,0.055223323064511755,0.0,0.0,0.0,0.0,4.068572889175202,0.27,0.06
142,0.050837355167691375,0.0,0.050837355167691375,0.0,0.0,0.0,0.0,4.068572889175202,0.27,0.06
143,0.036682640591588996,0.0,0.036682640591588996,0.0,0.0,0.0,0.0,4.068572889175202,0.27,0.06
144,0.018540682472922714,0.0,0.018540682472922714,0.0,0.0,0.0,0.0,4.068572889175202,0.27,0.06
145,0.08283498459676764,0.0,0.08283498459676764,0.0,0.0,0.0,0.0,4.068572889175202,0.27,0.06
146,0.11154313810322863,0.0,0.11154313810322863,0.0,0.0,0.0,0.0,4.068572889175202,0.27,0.06
147,0.041666695019794,0.0,0.041666695019794,0.0,0.0,0.0,0.0,4.068572889175202,0.27,0.06
148,0.019537493358563723,0.0,0.019537493358563723,0.0,0.0,0.0,0.0,4.068572889175202,0.27,0.06
149,0.023923461255384096,0.0,0.023923461255384096,0.0,0.0,0.0,0.0,4.068572889175202,0.27,0.06
150,0.03090113745487114,0.0,0.03090113745487114,0.0,0.0,0.0,0.0,4.068572889175202,0.27,0.06
151,0.020633985332768827,0.0,0.020633985332768827,0.0,0.0,0.0,0.0,4.068572889175202,0.27,0.06
152,0.03189794834051225,0.0,0.03189794834051225,0.0,0.0,0.0,0.0,4.068572889175202,0.27,0.06
153,0.04435808441102475,0.0,0.04435808441102475,0.0,0.0,0.0,0.0,4.068572889175202,0.27,0.06
154,0.04395936005676838,0.0069034460573400664,0.037055913999428314,0.0,0.0,0.0,0.0,4.068572889175202,0.27,0.06
155,0.031698586163384,0.0240715665894517,0.007627019573932303,0.0,0.0,0.0,0.0,4.068572889175202,0.27,0.06
156,0.15091716808604824,0.08527177938991588,0.06564538869613236,0.0,0.0,0.0,0.0,4.068572889175202,0.27,0.06
157,0.27452171790553376,0.11797911745184547,0.15654260045368829,0.0,0.0,0.0,0.0,4.068572889175202,0.27,0.06
158,0.28120035083932876,0.06978427306652002,0.21141607777280874,0.0,0.0,0.0,0.0,4.068572889175202,0.27,0.06
159,0.2858853520337313,0.0355773100183518,0.2503080420153795,0.0,0.0,0.0,0.0,4.068572889175202,0.27,0.06
160,0.022627607104050852,0.04289444572706805,0.0,-0.0,0.020266838623017196,0.0,0.0,4.087826385867069,0.27,0.06
161,0.056917901570101494,0.03058717859862658,0.026330722971474915,0.0,0.0,0.0,0.0,4.087826385867069,0.27,0.06
162,0.05402715000174252,0.008428926646789745,0.045598223354952776,0.0,0.0,0.0,0.0,4.087826385867069,0.27,0.06
163,0.08961329861912638,0.0,0.08961329861912638,0.0,0.0,0.0,0.0,4.087826385867069,0.27,0.06
164,0.052531933673281,0.0,0.052531933673281,0.0,0.0,0.0,0.0,4.087826385867069,0.27,0.06
165,0.048245646865024625,0.0,0.048245646865024625,0.0,0.0,0.0,0.0,4.087826385867069,0.27,0.06
166,0.054425874355998875,0.0,0.054425874355998875,0.0,0.0,0.0,0.0,4.087826385867069,0.27,0.06
167,0.04844500904215287,0.0,0.04844500904215287,0.0,0.0,0.0,0.0,4.087826385867069,0.27,0.06
168,0.0481459657764605,0.0,0.0481459657764605,0.0,0.0,0.0,0.0,4.087826385867069,0.27,0.06
169,0.06519143192092175,0.0,0.06519143192092175,0.0,0.0,0.0,0.0,4.087826385867069,0.27,0.06
170,0.036084554060204374,0.0,0.036084554060204374,0.0,0.0,0.0,0.0,4.087826385867069,0.27,0.06
171,0.034988062085999375,0.0,0.034988062085999375,0.0,0.0,0.0,0.0,4.087826385867069,0.27,0.06
172,0.022727288192614888,0.0,0.022727288192614888,0.0,0.0,0.0,0.0,4.087826385867069,0.27,0.06
173,0.04505585203097338,0.0,0.04505585203097338,0.0,0.0,0.0,0.0,4.087826385867069,0.27,0.06
174,0.05751598810148612,0.0,0.05751598810148612,0.0,0.0,0.0,0.0,4.087826385867069,0.27,0.06
175,0.056220133950152754,0.0,0.056220133950152754,0.0,0.0,0.0,0.0,4.087826385867069,0.27,0.06
176,0.03090113745487125,0.0,0.03090113745487125,0.0,0.0,0.0,0.0,4.087826385867069,0.27,0.06
177,0.032795078137589126,0.003774918068807682,0.029020160068781442,0.0,0.0,0.0,0.0,4.087826385867069,0.27,0.06
178,0.04186605719692225,0.01784036621559792,0.024025690981324326,0.0,0.0,0.0,0.0,4.087826385867069,0.27,0.06
179,0.026714531735178997,0.03330201693578281,0.0,-0.0,0.006587485200602927,0.0,0.0,4.094084496807642,0.27,0.06
180,0.1360646759218886,0.12961413889680054,0.006450537025088049,0.0,0.0,0.0,0.0,4.094084496807642,0.27,0.06
181,0.2311604443801495,0.18804780215368655,0.04311264222646294,0.0,0.0,0.0,0.0,4.094084496807642,0.27,0.06
182,0.061802274909742494,0.21268819201378053,0.0,-0.0,0.15088591710403926,0.0,0.0,4.237426118056479,0.27,0.06
183,0.020933028598461138,0.11009315847248692,0.0,-0.0,0.08916012987402579,0.0,0.0,4.322128241436804,0.27,0.06
184,0.05342906347035787,0.08364287638762219,0.0,-0.0,0.03021381291726432,0.0,0.0,4.350831363708205,0.27,0.06
185,0.0639952588581525,0.036559822940370246,0.02743543591778226,0.0,0.0,0.0,0.0,4.350831363708205,0.27,0.06
186,0.027113256089435427,0.014013736940368228,0.013099519149067198,0.0,0.0,0.0,0.0,4.350831363708205,0.27,0.06
187,0.12729275009635638,0.00012927801605505743,0.12716347208030132,0.0,0.0,0.0,0.0,4.350831363708205,0.27,0.06
188,0.05970897204989638,0.0,0.05970897204989638,0.0,0.0,0.0,0.0,4.350831363708205,0.27,0.06
189,0.047846922510768254,0.0,0.047846922510768254,0.0,0.0,0.0,0.0,4.350831363708205,0.27,0.06
190,0.049641182104922,0.0,0.049641182104922,0.0,0.0,0.0,0.0,4.350831363708205,0.27,0.06
191,0.0550239608873835,0.0,0.0550239608873835,0.0,0.0,0.0,0.0,4.350831363708205,0.27,0.06
192,0.04316191134825562,0.0,0.04316191134825562,0.0,0.0,0.0,0.0,4.350831363708205,0.27,0.06
193,0.028309429152204524,0.0,0.028309429152204524,0.0,0.0,0.0,0.0,4.350831363708205,0.27,0.06
194,0.02661485064661475,0.0,0.02661485064661475,0.0,0.0,0.0,0.0,4.350831363708205,0.27,0.06
195,0.031598905074819876,0.0,0.031598905074819876,0.0,0.0,0.0,0.0,4.350831363708205,0.27,0.06
196,0.022228882749794412,0.0,0.022228882749794412,0.0,0.0,0.0,0.0,4.350831363708205,0.27,0.06
197,0.03329348358040962,0.0,0.03329348358040962,0.0,0.0,0.0,0.0,4.350831363708205,0.27,0.06
198,0.0471491548908195,0.0,0.0471491548908195,0.0,0.0,0.0,0.0,4.350831363708205,0.27,0.06
199,0.04445776549958888,0.0,0.04445776549958888,0.0,0.0,0.0,0.0,4.350831363708205,0.27,0.06
200,0.10745621347210049,0.0,0.10745621347210049,0.0,0.0,0.0,0.0,4.350831363708205,0.27,0.06
201,0.08193785479969062,0.0027665495435782277,0.07917130525611239,0.0,0.0,0.0,0.0,4.350831363708205,0.27,0.06
202,0.05871216116425525,0.028777286373855786,0.02993487479039946,0.0,0.0,0.0,0.0,4.350831363708205,0.27,0.06
203,0.03149922398625575,0.051737062025233975,0.0,-0.0,0.020237838038979647,0.0,0.0,4.370057309845236,0.27,0.06
204,0.14782705434056162,0.048091421972481375,0.09973563236808025,0.0,0.0,0.0,0.0,4.370057309845236,0.27,0.06
205,0.24671069419614852,0.05776141757339962,0.1889492766227489,0.0,0.0,0.0,0.0,4.370057309845236,0.27,0.06
206,0.056917901570101494,0.08912426426835658,0.0,-0.0,0.032206362698255206,0.0,0.0,4.400653354408578,0.27,0.06
207,0.049342138839229825,0.0895379539197328,0.0,-0.0,0.04019581508050297,0.0,0.0,4.438839378735056,0.27,0.06
208,0.025717720849538,0.04281687891743501,0.0,-0.0,0.017099158067898298,0.0,0.0,4.4550835788995595,0.27,0.06
209,0.05243225258471698,0.018073066644497024,0.03435918594021996,0.0,0.0,0.0,0.0,4.4550835788995595,0.27,0.06
210,0.060905145112665496,0.006153633564220734,0.054751511548444765,0.0,0.0,0.0,0.0,4.4550835788995595,0.27,0.06
211,0.029306240037845495,0.00012927801605505743,0.029176962021790438,0.0,0.0,0.0,0.0,4.4550835788995595,0.27,0.06
212,0.036981683857281275,0.0,0.036981683857281275,0.0,0.0,0.0,0.0,4.4550835788995595,0.27,0.06
213,0.05203352823046049,0.0,0.05203352823046049,0.0,0.0,0.0,0.0,4.4550835788995595,0.27,0.06
214,0.049641182104922126,0.0,0.049641182104922126,0.0,0.0,0.0,0.0,4.4550835788995595,0.27,0.06
215,0.044557446588152874,0.0,0.044557446588152874,0.0,0.0,0.0,0.0,4.4550835788995595,0.27,0.06
216,0.0272129371779995,0.0,0.0272129371779995,0.0,0.0,0.0,0.0,4.4550835788995595,0.27,0.06
217,0.0237240990782559,0.0,0.0237240990782559,0.0,0.0,0.0,0.0,4.4550835788995595,0.27,0.06
218,0.034788699908871124,0.0,0.034788699908871124,0.0,0.0,0.0,0.0,4.4550835788995595,0.27,0.06
219,0.032894759226153245,0.0,0.032894759226153245,0.0,0.0,0.0,0.0,4.4550835788995595,0.27,0.06
220,0.0243221856096405,0.0,0.0243221856096405,0.0,0.0,0.0,0.0,4.4550835788995595,0.27,0.06
221,0.0271132560894355,0.0,0.0271132560894355,0.0,0.0,0.0,0.0,4.4550835788995595,0.27,0.06
222,0.025717720849537988,0.0,0.025717720849537988,0.0,0.0,0.0,0.0,4.4550835788995595,0.27,0.06
223,0.07745220581430613,0.0,0.07745220581430613,0.0,0.0,0.0,0.0,4.4550835788995595,0.27,0.06
224,0.11164281919179263,0.0,0.11164281919179263,0.0,0.0,0.0,0.0,4.4550835788995595,0.27,0.06
225,0.05751598810148599,0.009049461123854019,0.04846652697763197,0.0,0.0,0.0,0.0,4.4550835788995595,0.27,0.06
226,0.037579770388665876,0.017892077422019946,0.01968769296664593,0.0,0.0,0.0,0.0,4.4550835788995595,0.27,0.06
227,0.039174667805691496,0.05988157703670258,0.0,-0.0,0.020706909231010057,0.0,0.0,4.474755142669019,0.27,0.06
228,0.0232256936354354,0.1573830567454269,0.0,-0.0,0.13415736310999174,0.0,0.0,4.602204637623511,0.27,0.06
229,0.021531115129845724,0.19071092928442068,0.0,-0.0,0.16917981415457478,0.0,0.0,4.762925461070357,0.27,0.06
230,0.02651516955805074,0.13051908500918596,0.0,-0.0,0.10400391545113513,0.0,0.0,4.861729180748935,0.27,0.06
231,0.019736855535691926,0.0747485488830342,0.0,-0.0,0.055011693347342835,0.0,0.0,4.913990289428911,0.27,0.06
232,0.019736855535691926,0.042997868139912104,0.0,-0.0,0.023261012604219995,0.0,0.0,4.9360882514029205,0.27,0.06
233,0.03090113745487125,0.019805392059634795,0.011095745395236455,0.0,0.0,0.0,0.0,4.9360882514029205,0.27,0.06
234,0.027312618266563577,0.0027406939403672188,0.024571924326196357,0.0,0.0,0.0,0.0,4.9360882514029205,0.27,0.06
235,0.05352874455892212,0.0,0.05352874455892212,0.0,0.0,0.0,0.0,4.9360882514029205,0.27,0.06
236,0.06010769640415262,0.0,0.06010769640415262,0.0,0.0,0.0,0.0,4.9360882514029205,0.27,0.06
237,0.04984054428205025,0.0,0.04984054428205025,0.0,0.0,0.0,0.0,4.9360882514029205,0.27,0.06
238,0.02671453173517899,0.0,0.02671453173517899,0.0,0.0,0.0,0.0,4.9360882514029205,0.27,0.06
239,0.0250199532295892,0.0,0.0250199532295892,0.0,0.0,0.0,0.0,4.9360882514029205,0.27,0.06
240,0.128787966424818,0.0,0.128787966424818,0.0,0.0,0.0,0.0,4.9360882514029205,0.27,0.06
241,0.07854869778851137,0.0,0.07854869778851137,0.0,0.0,0.0,0.0,4.9360882514029205,0.27,0.06
242,0.03688200276871725,0.0,0.03688200276871725,0.0,0.0,0.0,0.0,4.9360882514029205,0.27,0.06
243,0.02960528330353787,0.0,0.02960528330353787,0.0,0.0,0.0,0.0,4.9360882514029205,0.27,0.06
244,0.037280727122973624,0.0,0.037280727122973624,0.0,0.0,0.0,0.0,4.9360882514029205,0.27,0.06
245,0.027910704797948153,0.0,0.027910704797948153,0.0,0.0,0.0,0.0,4.9360882514029205,0.27,0.06
246,0.020933028598461176,0.0,0.020933028598461176,0.0,0.0,0.0,0.0,4.9360882514029205,0.27,0.06
247,0.025518358672409775,0.0,0.025518358672409775,0.0,0.0,0.0,0.0,4.9360882514029205,0.27,0.06
248,0.1234051876423565,0.0,0.1234051876423565,0.0,0.0,0.0,0.0,4.9360882514029205,0.27,0.06
249,0.0964912937300495,0.009540717584863238,0.08695057614518625,0.0,0.0,0.0,0.0,4.9360882514029205,0.27,0.06
250,0.038676262362871,0.018254055866974105,0.020422206495896895,0.0,0.0,0.0,0.0,4.9360882514029205,0.27,0.06
251,0.026315807380922613,0.06195002529358351,0.0,-0.0,0.0356342179126609,0.0,0.0,4.969940758419948,0.27,0.06
252,0.024322185609640612,0.1573054899357939,0.0,-0.0,0.132983304326154,0.0,0.0,5.096274897529795,0.27,0.06
253,0.019537493358563723,0.19102119652295285,0.0,-0.0,0.17148370316438938,0.0,0.0,5.259184415535964,0.27,0.06
254,0.0245215477867687,0.13429400307799366,0.0,-0.0,0.10977245529122479,0.0,0.0,5.3634682480626275,0.27,0.06
255,0.028807834595025002,0.07702384196560322,0.0,-0.0,0.04821600737057929,0.0,0.0,5.409273455064678,0.27,0.06
256,0.019637174447127814,0.04524730561927013,0.0,-0.0,0.02561013117214248,0.0,0.0,5.433603079678213,0.27,0.06
257,0.021331752952717477,0.02091718299770829,0.00041456995500918636,0.0,0.0,0.0,0.0,5.433603079678213,0.27,0.06
258,0.0273126182665635,0.002792405146789241,0.02452021311977426,0.0,0.0,0.0,0.0,5.433603079678213,0.27,0.06
259,0.056020771773024496,0.0,0.056020771773024496,0.0,0.0,0.0,0.0,5.433603079678213,0.27,0.06
260,0.0490430955735375,0.0,0.0490430955735375,0.0,0.0,0.0,0.0,5.433603079678213,0.27,0.06
261,0.05233257149615287,0.0,0.05233257149615287,0.0,0.0,0.0,0.0,5.433603079678213,0.27,0.06
262,0.06070578293553726,0.0,0.06070578293553726,0.0,0.0,0.0,0.0,5.433603079678213,0.27,0.06
263,0.06848090784353712,0.0,0.06848090784353712,0.0,0.0,0.0,0.0,5.433603079678213,0.27,0.06
264,0.06698569151507562,0.0,0.06698569151507562,0.0,0.0,0.0,0.0,5.433603079678213,0.27,0.06
265,0.07675443819435751,0.0,0.07675443819435751,0.0,0.0,0.0,0.0,5.433603079678213,0.27,0.06
266,0.0715710215890242,0.0,0.0715710215890242,0.0,0.0,0.0,0.0,5.433603079678213,0.27,0.06
267,0.01774323376440991,0.0,0.01774323376440991,0.0,0.0,0.0,0.0,5.433603079678213,0.27,0.06
268,0.0292065589492815,0.0,0.0292065589492815,0.0,0.0,0.0,0.0,5.433603079678213,0.27,0.06
269,0.026116445203794428,0.0,0.026116445203794428,0.0,0.0,0.0,0.0,5.433603079678213,0.27,0.06
270,0.08114040609117787,0.0,0.08114040609117787,0.0,0.0,0.0,0.0,5.433603079678213,0.27,0.06
271,0.025618039760973824,0.0,0.025618039760973824,0.0,0.0,0.0,0.0,5.433603079678213,0.27,0.06
272,0.10556227278938249,0.0,0.10556227278938249,0.0,0.0,0.0,0.0,5.433603079678213,0.27,0.06
273,0.11652719253143362,0.00964413999770728,0.10688305253372635,0.0,0.0,0.0,0.0,5.433603079678213,0.27,0.06
274,0.03349284575753775,0.018616034311928268,0.01487681144560948,0.0,0.0,0.0,0.0,5.433603079678213,0.27,0.06
275,0.025917083026666125,0.062337859341748694,0.0,-0.0,0.03642077631508257,0.0,0.0,5.468202817177541,0.27,0.06
276,0.022926650369743087,0.1588051149220326,0.0,-0.0,0.1358784645522895,0.0,0.0,5.597287358502216,0.27,0.06
277,0.018540682472922725,0.19084020730047582,0.0,-0.0,0.1722995248275531,0.0,0.0,5.760971907088392,0.27,0.06
278,0.0246212288753328,0.13612975090597548,0.0,-0.0,0.11150852203064189,0.0,0.0,5.866905003017501,0.27,0.06
279,0.025717720849537974,0.07826491091973174,0.0,-0.0,0.05254719007019392,0.0,0.0,5.916824833584185,0.27,0.06
280,0.02661485064661485,0.04604882931881148,0.0,-0.0,0.019433978672196515,0.0,0.0,5.935287113322771,0.27,0.06
281,0.03239635378333275,0.021460150665139534,0.0,0.0,0.0,0.010936203118193214,0.0,5.9237753205667785,0.27,0.06
282,0.07715316254861389,0.0031026723853213797,0.07405049016329251,0.0,0.0,0.0,0.0,5.9237753205667785,0.27,0.06
283,0.04186605719692225,0.0,0.03528827490843238,0.0,0.0,0.006577782288489865,0.0,5.916851339210473,0.27,0.06
284,0.05572172850733225,0.0,0.05572172850733225,0.0,0.0,0.0,0.0,5.916851339210473,0.27,0.06
285,0.036283916237332625,0.0,0.0,0.0,0.0,0.036283916237332625,0.0,5.878657743171176,0.27,0.06
286,0.0166467417902048,0.0,0.0,0.0,0.0,0.0166467417902048,0.0,5.861134857076223,0.27,0.06
287,0.016746422878768912,0.0,0.0,0.0,0.0,0.016746422878768912,0.0,5.843507043519624,0.27,0.06
288,0.15500409271717636,0.0,0.15500409271717636,0.0,0.0,0.0,0.0,5.843507043519624,0.27,0.06
289,0.09848491550133137,0.0,0.09848491550133137,0.0,0.0,0.0,0.0,5.843507043519624,0.27,0.06
290,0.05492427979881937,0.0,0.05492427979881937,0.0,0.0,0.0,0.0,5.843507043519624,0.27,0.06
291,0.019637174447127825,0.0,0.0,0.0,0.0,0.019637174447127825,0.0,5.822836333575279,0.27,0.06
292,0.017842914852974012,0.0,0.0,0.0,0.0,0.017842914852974012,0.0,5.80405431794057,0.27,0.06
293,0.10685812694071586,0.0,0.10685812694071586,0.0,0.0,0.0,0.0,5.80405431794057,0.27,0.06
294,0.0698764430834345,0.0,0.0698764430834345,0.0,0.0,0.0,0.0,5.80405431794057,0.27,0.06
295,0.09160692039040849,0.0,0.09160692039040849,0.0,0.0,0.0,0.0,5.80405431794057,0.27,0.06
296,0.05532300415307587,0.0,0.05532300415307587,0.0,0.0,0.0,0.0,5.80405431794057,0.27,0.06
297,0.032695397049025,0.013806892114680131,0.0,0.0,0.0,0.01888850493434487,0.0,5.784171681167575,0.27,0.06
298,0.024322185609640612,0.023709588144497536,0.0,0.0,0.0,0.0006125974651430763,0.0,5.783526841730582,0.27,0.06
299,0.034389975554614705,0.06383748432798737,0.0,-0.0,0.02944750877337267,0.0,0.0,5.811501975065286,0.27,0.06
300,0.02751198044369174,0.1599169058601061,0.0,-0.0,0.13240492541641435,0.0,0.0,5.9372866542108795,0.27,0.06
301,0.031399542897691625,0.1869877224220351,0.0,-0.0,0.15558817952434348,0.0,0.0,6.085095424759006,0.27,0.06
302,0.013556628044717686,0.1375518090825811,0.0,-0.0,0.12399518103786342,0.0,0.0,6.2028908467449755,0.27,0.06
303,0.010765557564922862,0.0769979863623922,0.0,-0.0,0.0662324287974708,0.0,0.0,6.265811654102572,0.27,0.06
304,0.025817401938102,0.0457127064770683,0.0,-0.0,0.019895304538966836,0.0,0.0,6.284712193414591,0.27,0.06
305,0.020933028598461134,0.021822129110093694,0.0,-0.0,0.000889100511631824,0.0,0.0,6.285556838900641,0.27,0.06
306,0.018640363561486815,0.0033095172110094726,0.0,0.0,0.0,0.015330846350477344,0.0,6.2694191059001385,0.27,0.06
307,0.14104874031820197,0.0,0.14104874031820197,0.0,0.0,0.0,0.0,6.2694191059001385,0.27,0.06
308,0.21770349742399564,0.0,0.21770349742399564,0.0,0.0,0.0,0.0,6.2694191059001385,0.27,0.06
309,0.040968927399845374,0.0,0.040968927399845374,0.0,0.0,0.0,0.0,6.2694191059001385,0.27,0.06
310,0.05861248007569113,0.0,0.05861248007569113,0.0,0.0,0.0,0.0,6.2694191059001385,0.27,0.06
311,0.13157903690461287,0.0,0.13157903690461287,0.0,0.0,0.0,0.0,6.2694191059001385,0.27,0.06
312,0.105960997143639,0.0,0.105960997143639,0.0,0.0,0.0,0.0,6.2694191059001385,0.27,0.06
313,0.12519944723651039,0.0,0.12519944723651039,0.0,0.0,0.0,0.0,6.2694191059001385,0.27,0.06
314,0.10576163496651075,0.0,0.10576163496651075,0.0,0.0,0.0,0.0,6.2694191059001385,0.27,0.06
315,0.038676262362871125,0.0,0.0,0.0,0.0,0.038676262362871125,0.0,6.228707250781326,0.27,0.06
316,0.027910704797948202,0.0,0.0,0.0,0.0,0.027910704797948202,0.0,6.199327561520328,0.27,0.06
317,0.036283916237332625,0.0,0.0,0.0,0.0,0.036283916237332625,0.0,6.161133965481031,0.27,0.06
318,0.027312618266563626,0.0,0.0,0.0,0.0,0.027312618266563626,0.0,6.132383840989911,0.27,0.06
319,0.03329348358040955,0.0,0.0,0.0,0.0,0.03329348358040955,0.0,6.097338068800006,0.27,0.06
320,0.1415471457610229,0.0,0.1415471457610229,0.0,0.0,0.0,0.0,6.097338068800006,0.27,0.06
321,0.08552637398799826,0.011557454635322133,0.07396891935267612,0.0,0.0,0.0,0.0,6.097338068800006,0.27,0.06
322,0.07685411928292149,0.0238647217637636,0.05298939751915789,0.0,0.0,0.0,0.0,6.097338068800006,0.27,0.06
323,0.02830942915220462,0.06787095842890517,0.0,-0.0,0.0395615292766994,0.0,0.0,6.1349215216128705,0.27,0.06
324,0.0174441904987176,0.1580035912224911,0.0,-0.0,0.14055940072377351,0.0,0.0,6.268452952300455,0.27,0.06
325,0.019936217712820125,0.18362649400460368,0.0,-0.0,0.16369027629178357,0.0,0.0,6.423958714777649,0.27,0.06
326,0.032595715960460875,0.13907728967203078,0.0,-0.0,0.10648157371156991,0.0,0.0,6.525116209803641,0.27,0.06
327,0.025318996495281538,0.07997138073165855,0.0,-0.0,0.054652384236377013,0.0,0.0,6.577035974828199,0.27,0.06
328,0.022029520572666238,0.046643508192664745,0.0,-0.0,0.02461398761999831,0.0,0.0,6.600419263067198,0.27,0.06
329,0.019836536624256024,0.02275293082569011,0.0,-0.0,0.0029163942014349686,0.0,0.0,6.603189837558561,0.27,0.06
330,0.025618039760973824,0.0031543835917434,0.0,0.0,0.0,0.022463656169230423,0.0,6.579543883696213,0.27,0.06
331,0.16876008293902187,0.0,0.16876008293902187,0.0,0.0,0.0,0.0,6.579543883696213,0.27,0.06
332,0.04545457638522988,0.0,0.04545457638522988,0.0,0.0,0.0,0.0,6.579543883696213,0.27,0.06
333,0.0510367173448195,0.0,0.0510367173448195,0.0,0.0,0.0,0.0,6.579543883696213,0.27,0.06
334,0.03299444031471725,0.0,0.0,0.0,0.0,0.03299444031471725,0.0,6.5448128938912475,0.27,0.06
335,0.017942595941538114,0.0,0.0,0.0,0.0,0.017942595941538114,0.0,6.525925950794892,0.27,0.06
336,0.0620016370868705,0.0,0.0620016370868705,0.0,0.0,0.0,0.0,6.525925950794892,0.27,0.06
337,0.022926650369743153,0.0,0.0,0.0,0.0,0.022926650369743153,0.0,6.501792634616215,0.27,0.06
338,0.017344509410153513,0.0,0.0,0.0,0.0,0.017344509410153513,0.0,6.483535256289738,0.27,0.06
339,0.023724099078255997,0.0,0.0,0.0,0.0,0.023724099078255997,0.0,6.458562520417889,0.27,0.06
340,0.028110066975076377,0.0,0.0,0.0,0.0,0.028110066975076377,0.0,6.428972976233598,0.27,0.06
341,0.05243225258471688,0.0,0.05243225258471688,0.0,0.0,0.0,0.0,6.428972976233598,0.27,0.06
342,0.07505985968876774,0.0,0.07505985968876774,0.0,0.0,0.0,0.0,6.428972976233598,0.27,0.06
343,0.10307024557528,0.0,0.10307024557528,0.0,0.0,0.0,0.0,6.428972976233598,0.27,0.06
344,0.11523133838010025,0.0,0.11523133838010025,0.0,0.0,0.0,0.0,6.428972976233598,0.27,0.06
345,0.1155303816457925,0.011712588254588204,0.1038177933912043,0.0,0.0,0.0,0.0,6.428972976233598,0.27,0.06
346,0.10536291061225436,0.03118185747247986,0.0741810531397745,0.0,0.0,0.0,0.0,6.428972976233598,0.27,0.06
347,0.08452956310235737,0.07079264159174947,0.0,0.0,0.0,0.013736921510607902,0.0,6.414513058854011,0.27,0.06
348,0.33353293230358916,0.16420893599313396,0.1693239963104552,0.0,0.0,0.0,0.0,6.414513058854011,0.27,0.06
349,0.6777317211473199,0.19451170295643933,0.4832200181908806,0.0,0.0,0.0,0.0,6.414513058854011,0.27,0.06
350,0.6939797485513775,0.14430012152065513,0.5496796270307223,0.0,0.0,0.0,0.0,6.414513058854011,0.27,0.06
351,0.7294662160801975,0.08989993236468695,0.6395662837155105,0.0,0.0,0.0,0.0,6.414513058854011,0.27,0.06
352,0.50269172962876,0.06634547783945546,0.43634625178930453,0.0,0.0,0.0,0.0,6.414513058854011,0.27,0.06
353,0.4869421176356312,0.029242687231654,0.4576994304039772,0.0,0.0,0.0,0.0,6.414513058854011,0.27,0.06
354,0.4898328791720988,0.0033353728142204793,0.4864975063578783,0.0,0.0,0.0,0.0,6.414513058854011,0.27,0.06
355,0.19617238229414952,0.0,0.19617238229414952,0.0,0.0,0.0,0.0,6.414513058854011,0.27,0.06
356,0.040669884134153,0.0,0.040669884134153,0.0,0.0,0.0,0.0,6.414513058854011,0.27,0.06
357,0.04485648985384525,0.0,0.04485648985384525,0.0,0.0,0.0,0.0,6.414513058854011,0.27,0.06
358,0.08133976826830612,0.0,0.08133976826830612,0.0,0.0,0.0,0.0,6.414513058854011,0.27,0.06
359,0.03239635378333275,0.0,0.0,0.0,0.0,0.03239635378333275,0.0,6.380411633818924,0.27,0.06
360,0.018640363561486822,0.0,0.0,0.0,0.0,0.018640363561486822,0.0,6.360790198491043,0.27,0.06
361,0.02372409907825595,0.0,0.0,0.0,0.0,0.02372409907825595,0.0,6.335817462619194,0.27,0.06
362,0.024621228875332826,0.0,0.0,0.0,0.0,0.024621228875332826,0.0,6.309900379592528,0.27,0.06
363,0.0160486552588202,0.0,0.0,0.0,0.0,0.0160486552588202,0.0,6.293007058267454,0.27,0.06
364,0.042862868082563246,0.0,0.042862868082563246,0.0,0.0,0.0,0.0,6.293007058267454,0.27,0.06
365,0.0657895184523065,0.0,0.0657895184523065,0.0,0.0,0.0,0.0,6.293007058267454,0.27,0.06
366,0.044756808765281125,0.0,0.044756808765281125,0.0,0.0,0.0,0.0,6.293007058267454,0.27,0.06
367,0.05223289040758863,0.0,0.05223289040758863,0.0,0.0,0.0,0.0,6.293007058267454,0.27,0.06
368,0.07814997343425488,0.0,0.07814997343425488,0.0,0.0,0.0,0.0,6.293007058267454,0.27,0.06
369,0.03688200276871725,0.00400761849770678,0.032874384271010464,0.0,0.0,0.0,0.0,6.293007058267454,0.27,0.06
370,0.04405904114533237,0.008816760694954918,0.0,0.0,0.0,0.03524228045037745,0.0,6.255909920951267,0.27,0.06
371,0.044657127676717125,0.05367623226605987,0.0,-0.0,0.009019104589341964,0.0,0.0,6.264478070311142,0.27,0.06
372,0.33722111264424365,0.11596238040138651,0.22125873224285714,0.0,0.0,0.0,0.0,6.264478070311142,0.27,0.06
373,0.6563002970741475,0.10060415209404575,0.5556961449801018,0.0,0.0,0.0,0.0,6.264478070311142,0.27,0.06
374,0.462719613114555,0.03893853843578331,0.4237810746787717,0.0,0.0,0.0,0.0,6.264478070311142,0.27,0.06
375,0.52531933673281,0.0369218013853244,0.48839753534748553,0.0,0.0,0.0,0.0,6.264478070311142,0.27,0.06
376,0.5136566593389187,0.04475604915826087,0.4689006101806578,0.0,0.0,0.0,0.0,6.264478070311142,0.27,0.06
377,0.38128016375768503,0.014349859782111373,0.36693030397557364,0.0,0.0,0.0,0.0,6.264478070311142,0.27,0.06
378,0.3855664405978325,0.0034646508302755364,0.382101789767557,0.0,0.0,0.0,0.0,6.264478070311142,0.27,0.06
379,0.17733265655553554,0.0,0.17733265655553554,0.0,0.0,0.0,0.0,6.264478070311142,0.27,0.06
380,0.05123607952194763,0.0,0.05123607952194763,0.0,0.0,0.0,0.0,6.264478070311142,0.27,0.06
381,0.060705782935537245,0.0,0.060705782935537245,0.0,0.0,0.0,0.0,6.264478070311142,0.27,0.06
382,0.02591708302666611,0.0,0.0,0.0,0.0,0.02591708302666611,0.0,6.237196930283073,0.27,0.06
383,0.033592526846102,0.0,0.033592526846102,0.0,0.0,0.0,0.0,6.237196930283073,0.27,0.06
384,0.05273129585040925,0.0,0.05273129585040925,0.0,0.0,0.0,0.0,6.237196930283073,0.27,0.06
385,0.037579770388665876,0.0,0.037579770388665876,0.0,0.0,0.0,0.0,6.237196930283073,0.27,0.06
386,0.0292065589492815,0.0,0.0,0.0,0.0,0.0292065589492815,0.0,6.206453184020671,0.27,0.06
387,0.025518358672409824,0.0,0.0,0.0,0.0,0.025518358672409824,0.0,6.179591753839187,0.27,0.06
388,0.03309412140328138,0.0,0.0,0.0,0.0,0.03309412140328138,0.0,6.144755836572575,0.27,0.06
389,0.024720909963896975,0.0,0.0,0.0,0.0,0.024720909963896975,0.0,6.118733826084262,0.27,0.06
390,0.03498806208599925,0.0,0.03498806208599925,0.0,0.0,0.0,0.0,6.118733826084262,0.27,0.06
391,0.10536291061225424,0.0,0.10536291061225424,0.0,0.0,0.0,0.0,6.118733826084262,0.27,0.06
392,0.16148337344195138,0.0,0.16148337344195138,0.0,0.0,0.0,0.0,6.118733826084262,0.27,0.06
393,0.053130020204665625,0.011324754206423036,0.0,0.0,0.0,0.04180526599824259,0.0,6.074728282928217,0.27,0.06
394,0.04066988413415312,0.02233924117431392,0.0,0.0,0.0,0.018330642959839202,0.0,6.055432869286281,0.27,0.06
395,0.028209748063640374,0.07130975365596966,0.0,-0.0,0.043100005592327933,0.0,0.0,6.096377874598993,0.27,0.06
396,0.22338531947214937,0.17390478719726324,0.049480532274886135,0.0,0.0,0.0,0.0,6.096377874598993,0.27,0.06
397,0.402910959976095,0.20128587099772452,0.20162508897837048,0.0,0.0,0.0,0.0,6.096377874598993,0.27,0.06
398,0.24481675351343077,0.1676735868234095,0.07714316669002128,0.0,0.0,0.0,0.0,6.096377874598993,0.27,0.06
399,0.21570987565271377,0.09535546464221037,0.1203544110105034,0.0,0.0,0.0,0.0,6.096377874598993,0.27,0.06
400,0.21939807592958538,0.057864839986243706,0.16153323594334168,0.0,0.0,0.0,0.0,6.096377874598993,0.27,0.06
401,0.18690204105768876,0.024898945892204063,0.1620030951654847,0.0,0.0,0.0,0.0,6.096377874598993,0.27,0.06
402,0.19128800895450912,0.0037490624655966654,0.18753894648891245,0.0,0.0,0.0,0.0,6.096377874598993,0.27,0.06
403,0.04894341448497337,0.0,0.04894341448497337,0.0,0.0,0.0,0.0,6.096377874598993,0.27,0.06
404,0.06160291273261413,0.0,0.06160291273261413,0.0,0.0,0.0,0.0,6.096377874598993,0.27,0.06
405,0.04894341448497337,0.0,0.04894341448497337,0.0,0.0,0.0,0.0,6.096377874598993,0.27,0.06
406,0.03478869990887118,0.0,0.0,0.0,0.0,0.03478869990887118,0.0,6.059758190484391,0.27,0.06
407,0.03199762942907629,0.0,0.0,0.0,0.0,0.03199762942907629,0.0,6.02607647529589,0.27,0.06
408,0.10077758053830574,0.0,0.10077758053830574,0.0,0.0,0.0,0.0,6.02607647529589,0.27,0.06
409,0.08722095249358812,0.0,0.08722095249358812,0.0,0.0,0.0,0.0,6.02607647529589,0.27,0.06
410,0.032695397049025,0.0,0.0,0.0,0.0,0.032695397049025,0.0,5.991660267875864,0.27,0.06
411,0.020833347509897026,0.0,0.0,0.0,0.0,0.020833347509897026,0.0,5.969730428391762,0.27,0.06
412,0.015251206550307398,0.0,0.0,0.0,0.0,0.015251206550307398,0.0,5.9536765267598595,0.27,0.06
413,0.02332537472399955,0.0,0.0,0.0,0.0,0.02332537472399955,0.0,5.929123500734597,0.27,0.06
414,0.022228882749794385,0.0,0.0,0.0,0.0,0.022228882749794385,0.0,5.905724676787445,0.27,0.06
415,0.028907515683589197,0.0,0.028907515683589197,0.0,0.0,0.0,0.0,5.905724676787445,0.27,0.06
416,0.07824965452281901,0.0,0.07824965452281901,0.0,0.0,0.0,0.0,5.905724676787445,0.27,0.06
417,0.06549047518661413,0.01406544814679025,0.051425027039823885,0.0,0.0,0.0,0.0,5.905724676787445,0.27,0.06
418,0.027312618266563535,0.039300516880737456,0.0,-0.0,0.011987898614174949,0.0,0.0,5.917113180470911,0.27,0.06
419,0.02791070479794825,0.05566711371330773,0.0,-0.0,0.027756408915360704,0.0,0.0,5.9434817689405035,0.27,0.06
420,0.2061404911505607,0.04995302540367419,0.15618746574688652,0.0,0.0,0.0,0.0,5.9434817689405035,0.27,0.06
421,0.3625401290757438,0.06983598427294198,0.2927041448028018,0.0,0.0,0.0,0.0,5.9434817689405035,0.27,0.06
422,0.19846504733112438,0.09507105300688926,0.10339399432423513,0.0,0.0,0.0,0.0,5.9434817689405035,0.27,0.06
423,0.18740044650050913,0.07068921917890539,0.11671122732160374,0.0,0.0,0.0,0.0,5.9434817689405035,0.27,0.06
424,0.21252009078677125,0.02776891784862633,0.18475117293814491,0.0,0.0,0.0,0.0,5.9434817689405035,0.27,0.06
425,0.09918268312128012,0.009954407236239419,0.0892282758850407,0.0,0.0,0.0,0.0,5.9434817689405035,0.27,0.06
426,0.05422651217887062,0.0026631271307341825,0.051563385048136436,0.0,0.0,0.0,0.0,5.9434817689405035,0.27,0.06
427,0.07346496227174218,0.0,0.07346496227174218,0.0,0.0,0.0,0.0,5.9434817689405035,0.27,0.06
428,0.04176637610835825,0.0,0.04176637610835825,0.0,0.0,0.0,0.0,5.9434817689405035,0.27,0.06
429,0.059708972049896246,0.0,0.059708972049896246,0.0,0.0,0.0,0.0,5.9434817689405035,0.27,0.06
430,0.04575361965092225,0.0,0.04575361965092225,0.0,0.0,0.0,0.0,5.9434817689405035,0.27,0.06
431,0.07396336771456263,0.0,0.07396336771456263,0.0,0.0,0.0,0.0,5.9434817689405035,0.27,0.06
432,0.047248835979383626,0.0,0.047248835979383626,0.0,0.0,0.0,0.0,5.9434817689405035,0.27,0.06
433,0.041168289576973625,0.0,0.041168289576973625,0.0,0.0,0.0,0.0,5.9434817689405035,0.27,0.06
434,0.029904326569230172,0.0,0.0,0.0,0.0,0.029904326569230172,0.0,5.912003530446577,0.27,0.06
435,0.020035898801384247,0.0,0.0,0.0,0.0,0.020035898801384247,0.0,5.890913110655646,0.27,0.06
436,0.0471491548908195,0.0,0.0471491548908195,0.0,0.0,0.0,0.0,5.890913110655646,0.27,0.06
437,0.054126831090306624,0.0,0.054126831090306624,0.0,0.0,0.0,0.0,5.890913110655646,0.27,0.06
438,0.03458933773174295,0.0,0.03458933773174295,0.0,0.0,0.0,0.0,5.890913110655646,0.27,0.06
439,0.03837721909717862,0.0,0.03837721909717862,0.0,0.0,0.0,0.0,5.890913110655646,0.27,0.06
440,0.042862868082563246,0.0,0.042862868082563246,0.0,0.0,0.0,0.0,5.890913110655646,0.27,0.06
441,0.043460954613947875,0.0035939288463305956,0.039867025767617276,0.0,0.0,0.0,0.0,5.890913110655646,0.27,0.06
442,0.0330941214032815,0.009049461123854022,0.0,0.0,0.0,0.02404466027942748,0.0,5.865602941940459,0.27,0.06
443,0.039772754337076124,0.029578810073397147,0.0,0.0,0.0,0.010193944263678978,0.0,5.854872474294481,0.27,0.06
444,0.20793475074471324,0.037878458704131826,0.17005629204058142,0.0,0.0,0.0,0.0,5.854872474294481,0.27,0.06
445,0.4043064952159925,0.02546776916284631,0.37883872605314617,0.0,0.0,0.0,0.0,5.854872474294481,0.27,0.06
446,0.2704347932744045,0.08490980094496171,0.1855249923294428,0.0,0.0,0.0,0.0,5.854872474294481,0.27,0.06
447,0.22208946532081625,0.08454782250000767,0.13754164282080858,0.0,0.0,0.0,0.0,5.854872474294481,0.27,0.06
448,0.21939807592958613,0.045893695699545406,0.17350438023004072,0.0,0.0,0.0,0.0,5.854872474294481,0.27,0.06
449,0.10516354843512613,0.013496624876147991,0.09166692355897814,0.0,0.0,0.0,0.0,5.854872474294481,0.27,0.06
450,0.07017548634912676,0.004369596942660941,0.06580588940646583,0.0,0.0,0.0,0.0,5.854872474294481,0.27,0.06
451,0.15540281707143289,0.0,0.15540281707143289,0.0,0.0,0.0,0.0,5.854872474294481,0.27,0.06
452,0.056519177215845,0.0,0.056519177215845,0.0,0.0,0.0,0.0,5.854872474294481,0.27,0.06
453,0.029904326569230172,0.0,0.0,0.0,0.0,0.029904326569230172,0.0,5.823394235800555,0.27,0.06
454,0.020733666421332925,0.0,0.0,0.0,0.0,0.020733666421332925,0.0,5.801569323778099,0.27,0.06
455,0.026216126292358373,0.0,0.0,0.0,0.0,0.026216126292358373,0.0,5.77397340136509,0.27,0.06
456,0.018640363561486822,0.0,0.0,0.0,0.0,0.018640363561486822,0.0,5.754351966037209,0.27,0.06
457,0.020434623155640624,0.0,0.0,0.0,0.0,0.020434623155640624,0.0,5.732841836399692,0.27,0.06
458,0.17972500268107336,0.0,0.17972500268107336,0.0,0.0,0.0,0.0,5.732841836399692,0.27,0.06
459,0.04296254917112738,0.0,0.04296254917112738,0.0,0.0,0.0,0.0,5.732841836399692,0.27,0.06
460,0.028309429152204624,0.0,0.0,0.0,0.0,0.028309429152204624,0.0,5.703042437292108,0.27,0.06
461,0.02791070479794815,0.0,0.0,0.0,0.0,0.02791070479794815,0.0,5.67366274803111,0.27,0.06
462,0.03289475922615313,0.0,0.0,0.0,0.0,0.03289475922615313,0.0,5.639036685687791,0.27,0.06
463,0.032795078137589,0.0,0.0,0.0,0.0,0.032795078137589,0.0,5.604515550806118,0.27,0.06
464,0.03897530562856325,0.0,0.03897530562856325,0.0,0.0,0.0,0.0,5.604515550806118,0.27,0.06
465,0.03438997555461475,0.011635021444955165,0.0,0.0,0.0,0.022754954109659588,0.0,5.580562967532792,0.27,0.06
466,0.031000818543435248,0.02469210106651596,0.0,0.0,0.0,0.006308717476919287,0.0,5.57392221229393,0.27,0.06
467,0.03638359732589675,0.07803221049083274,0.0,-0.0,0.04164861316493599,0.0,0.0,5.613488394800619,0.27,0.06
468,0.21690603874737413,0.1696903238738684,0.04721571487350573,0.0,0.0,0.0,0.0,5.613488394800619,0.27,0.06
469,0.3571573502932813,0.155237041678913,0.20192030861436827,0.0,0.0,0.0,0.0,5.613488394800619,0.27,0.06
470,0.17962532159250938,0.21325701528442265,0.0,-0.0,0.03363169369191396,0.0,0.0,5.645438503807937,0.27,0.06
471,0.2348486446570215,0.11226502914221188,0.1225836155148096,0.0,0.0,0.0,0.0,5.645438503807937,0.27,0.06
472,0.17464126716430428,0.057890695589454706,0.11675057157484958,0.0,0.0,0.0,0.0,5.645438503807937,0.27,0.06
473,0.046152344005178585,0.03120771307569087,0.014944630929487716,0.0,0.0,0.0,0.0,5.645438503807937,0.27,0.06
474,0.09001202297338276,0.0054813878807344315,0.08453063509264833,0.0,0.0,0.0,0.0,5.645438503807937,0.27,0.06
475,0.025817401938102048,0.0,0.0,0.0,0.0,0.025817401938102048,0.0,5.618262291241514,0.27,0.06
476,0.03139954289769175,0.0,0.03139954289769175,0.0,0.0,0.0,0.0,5.618262291241514,0.27,0.06
477,0.05711726374722963,0.0,0.05711726374722963,0.0,0.0,0.0,0.0,5.618262291241514,0.27,0.06
478,0.0292065589492815,0.0,0.0,0.0,0.0,0.0292065589492815,0.0,5.587518544979113,0.27,0.06
479,0.05392746891317837,0.0,0.05392746891317837,0.0,0.0,0.0,0.0,5.587518544979113,0.27,0.06
480,0.08203753588825488,0.0,0.08203753588825488,0.0,0.0,0.0,0.0,5.587518544979113,0.27,0.06
481,0.027811023709384076,0.0,0.0,0.0,0.0,0.027811023709384076,0.0,5.558243783179761,0.27,0.06
482,0.02362441798969179,0.0,0.0,0.0,0.0,0.02362441798969179,0.0,5.533375974769559,0.27,0.06
483,0.030502413100614748,0.0,0.0,0.0,0.0,0.030502413100614748,0.0,5.501268171505754,0.27,0.06
484,0.02432218560964056,0.0,0.0,0.0,0.0,0.02432218560964056,0.0,5.475665870864027,0.27,0.06
485,0.025019953229589227,0.0,0.0,0.0,0.0,0.025019953229589227,0.0,5.449329077990775,0.27,0.06
486,0.04176637610835825,0.0,0.04176637610835825,0.0,0.0,0.0,0.0,5.449329077990775,0.27,0.06
487,0.02711325608943537,0.0,0.0,0.0,0.0,0.02711325608943537,0.0,5.420788808422949,0.27,0.06
488,0.021132390775589337,0.00020684482568809206,0.0,0.0,0.0,0.020925545949901245,0.0,5.398761917949368,0.27,0.06
489,0.03807817583148638,0.011660877048166172,0.0,0.0,0.0,0.026417298783320206,0.0,5.370954235019558,0.27,0.06
490,0.0410686084884095,0.021718706697249644,0.0,0.0,0.0,0.019349901791159856,0.0,5.350585917344652,0.27,0.06
491,0.02950560221497375,0.07353333553211673,0.0,-0.0,0.04402773331714298,0.0,0.0,5.392412263995938,0.27,0.06
492,0.21949774705004124,0.17990328714221793,0.039594459907823315,0.0,0.0,0.0,0.0,5.392412263995938,0.27,0.06
493,0.36263979022809,0.21038704332800048,0.15225274690008953,0.0,0.0,0.0,0.0,5.392412263995938,0.27,0.06
494,0.2158095667093866,0.1905299400619437,0.0,0.0,0.0,0.025279626647442904,0.0,5.36580213068284,0.27,0.06
495,0.20205357648754074,0.10512888265597273,0.09692469383156802,0.0,0.0,0.0,0.0,5.36580213068284,0.27,0.06
496,0.207934740776605,0.05654620422248212,0.15138853655412288,0.0,0.0,0.0,0.0,5.36580213068284,0.27,0.06
497,0.11423452749445928,0.028699719564222754,0.08553480793023653,0.0,0.0,0.0,0.0,5.36580213068284,0.27,0.06
498,0.1114434570146645,0.0060502111513766905,0.10539324586328781,0.0,0.0,0.0,0.0,5.36580213068284,0.27,0.06
499,0.11064600830615162,0.0,0.11064600830615162,0.0,0.0,0.0,0.0,5.36580213068284,0.27,0.06
500,0.05482459871025538,0.0,0.05482459871025538,0.0,0.0,0.0,0.0,5.36580213068284,0.27,0.06
501,0.04784692251076825,0.0,0.04784692251076825,0.0,0.0,0.0,0.0,5.36580213068284,0.27,0.06
502,0.028508791329332775,0.0,0.028508791329332775,0.0,0.0,0.0,0.0,5.36580213068284,0.27,0.06
503,0.0204346231556406,0.0,0.0,0.0,0.0,0.0204346231556406,0.0,5.344292001045323,0.27,0.06
504,0.03488838099743525,0.0,0.03488838099743525,0.0,0.0,0.0,0.0,5.344292001045323,0.27,0.06
505,0.03817785692005062,0.0,0.03817785692005062,0.0,0.0,0.0,0.0,5.344292001045323,0.27,0.06
506,0.034788699908871124,0.0,0.034788699908871124,0.0,0.0,0.0,0.0,5.344292001045323,0.27,0.06
507,0.03738040821153775,0.0,0.03738040821153775,0.0,0.0,0.0,0.0,5.344292001045323,0.27,0.06
508,0.019836536624256027,0.0,0.0,0.0,0.0,0.019836536624256027,0.0,5.323411436177685,0.27,0.06
509,0.038775943451435126,0.0,0.038775943451435126,0.0,0.0,0.0,0.0,5.323411436177685,0.27,0.06
510,0.04256382481687088,0.0,0.0,0.0,0.0,0.04256382481687088,0.0,5.278607410054663,0.27,0.06
511,0.03349284575753787,0.0,0.0,0.0,0.0,0.03349284575753787,0.0,5.243351782941465,0.27,0.06
512,0.1455343893035869,0.0,0.1455343893035869,0.0,0.0,0.0,0.0,5.243351782941465,0.27,0.06
513,0.04395936005676838,0.015668495545872962,0.0,0.0,0.0,0.028290864510895415,0.0,5.213571925561575,0.27,0.06
514,0.032695397049025,0.047832865940371214,0.0,-0.0,0.015137468891346213,0.0,0.0,5.227952521008354,0.27,0.06
515,0.0331938024918455,0.04460091553899482,0.0,-0.0,0.011407113047149316,0.0,0.0,5.238789278403146,0.27,0.06
516,0.21909903266389286,0.07260253381652022,0.14649649884737265,0.0,0.0,0.0,0.0,5.238789278403146,0.27,0.06
517,0.41756407002690876,0.053159120201839626,0.36440494982506916,0.0,0.0,0.0,0.0,5.238789278403146,0.27,0.06
518,0.1857058679949194,0.07839418893578687,0.10731167905913253,0.0,0.0,0.0,0.0,5.238789278403146,0.27,0.06
519,0.2305623578487654,0.1540218283279954,0.07654052952076998,0.0,0.0,0.0,0.0,5.238789278403146,0.27,0.06
520,0.21600891891840598,0.10644751841973438,0.10956140049867161,0.0,0.0,0.0,0.0,5.238789278403146,0.27,0.06
521,0.047547879245075975,0.03472407511238843,0.0,0.0,0.0,0.012823804132687543,0.0,5.225290537210843,0.27,0.06
522,0.10915079197769026,0.004317885736238918,0.10483290624145133,0.0,0.0,0.0,0.0,5.225290537210843,0.27,0.06
523,0.06818186457784475,0.0,0.06818186457784475,0.0,0.0,0.0,0.0,5.225290537210843,0.27,0.06
524,0.058213755721434744,0.0,0.058213755721434744,0.0,0.0,0.0,0.0,5.225290537210843,0.27,0.06
525,0.05422651217887074,0.0,0.05422651217887074,0.0,0.0,0.0,0.0,5.225290537210843,0.27,0.06
526,0.03518742426312755,0.0,0.03518742426312755,0.0,0.0,0.0,0.0,5.225290537210843,0.27,0.06
527,0.03478869990887108,0.0,0.0,0.0,0.0,0.03478869990887108,0.0,5.188670853096242,0.27,0.06
528,0.12888764751338214,0.0,0.12888764751338214,0.0,0.0,0.0,0.0,5.188670853096242,0.27,0.06
529,0.044956170942409376,0.0,0.044956170942409376,0.0,0.0,0.0,0.0,5.188670853096242,0.27,0.06
530,0.028508791329332803,0.0,0.0,0.0,0.0,0.028508791329332803,0.0,5.158661599065365,0.27,0.06
531,0.029804645480666126,0.0,0.0,0.0,0.0,0.029804645480666126,0.0,5.127288288033085,0.27,0.06
532,0.033991251200358376,0.0,0.033991251200358376,0.0,0.0,0.0,0.0,5.127288288033085,0.27,0.06
533,0.029405921126409752,0.0,0.0,0.0,0.0,0.029405921126409752,0.0,5.09633468684739,0.27,0.06
534,0.030602094189178877,0.0,0.0,0.0,0.0,0.030602094189178877,0.0,5.064121956121939,0.27,0.06
535,0.04027115977989662,0.0,0.04027115977989662,0.0,0.0,0.0,0.0,5.064121956121939,0.27,0.06
536,0.07097293505763963,0.0,0.07097293505763963,0.0,0.0,0.0,0.0,5.064121956121939,0.27,0.06
537,0.05661885830440913,0.011143764983945946,0.045475093320463185,0.0,0.0,0.0,0.0,5.064121956121939,0.27,0.06
538,0.03159890507481987,0.032267792807342335,0.0,0.0006688877325224662,0.0,0.0,0.0,5.064121956121939,0.27,0.06
539,0.029605283303537948,0.04943591333945396,0.0,-0.0,0.019830630035916015,0.0,0.0,5.082961054656059,0.27,0.06
540,0.22099296337850238,0.07255082261009825,0.14844214076840412,0.0,0.0,0.0,0.0,5.082961054656059,0.27,0.06
541,0.3861645470654337,0.07448999285092414,0.3116745542145095,0.0,0.0,0.0,0.0,5.082961054656059,0.27,0.06
542,0.20972901033886726,0.044652626745416826,0.16507638359345045,0.0,0.0,0.0,0.0,5.082961054656059,0.27,0.06
543,0.19447780378856025,0.02727766138761711,0.16720014240094314,0.0,0.0,0.0,0.0,5.082961054656059,0.27,0.06
544,0.20713730203620112,0.027122527768351057,0.18001477426785006,0.0,0.0,0.0,0.0,5.082961054656059,0.27,0.06
545,0.18550650581779127,0.012255555922019436,0.17325094989577183,0.0,0.0,0.0,0.0,5.082961054656059,0.27,0.06
546,0.07446177315738312,0.0026114159243121595,0.07185035723307096,0.0,0.0,0.0,0.0,5.082961054656059,0.27,0.06
547,0.138756075281228,0.0,0.138756075281228,0.0,0.0,0.0,0.0,5.082961054656059,0.27,0.06
548,0.05502396088738351,0.0,0.05502396088738351,0.0,0.0,0.0,0.0,5.082961054656059,0.27,0.06
549,0.06140355055548599,0.0,0.06140355055548599,0.0,0.0,0.0,0.0,5.082961054656059,0.27,0.06
550,0.040570203045589004,0.0,0.040570203045589004,0.0,0.0,0.0,0.0,5.082961054656059,0.27,0.06
551,0.08153913044543437,0.0,0.08153913044543437,0.0,0.0,0.0,0.0,5.082961054656059,0.27,0.06
552,0.04744819815651187,0.0,0.04744819815651187,0.0,0.0,0.0,0.0,5.082961054656059,0.27,0.06
553,0.028508791329332754,0.0,0.0,0.0,0.0,0.028508791329332754,0.0,5.052951800625182,0.27,0.06
554,0.029405921126409624,0.0,0.0,0.0,0.0,0.029405921126409624,0.0,5.021998199439488,0.27,0.06
555,0.03498806208599925,0.0,0.03498806208599925,0.0,0.0,0.0,0.0,5.021998199439488,0.27,0.06
556,0.028608472417896873,0.0,0.0,0.0,0.0,0.028608472417896873,0.0,4.991884017946965,0.27,0.06
557,0.027511980443691735,0.0,0.0,0.0,0.0,0.027511980443691735,0.0,4.962924038532552,0.27,0.06
558,0.03987243542564025,0.0,0.03987243542564025,0.0,0.0,0.0,0.0,4.962924038532552,0.27,0.06
559,0.08552637398799838,0.0,0.08552637398799838,0.0,0.0,0.0,0.0,4.962924038532552,0.27,0.06
560,0.08492828745661375,0.0,0.08492828745661375,0.0,0.0,0.0,0.0,4.962924038532552,0.27,0.06
561,0.034788699908871124,0.01460841581422149,0.0,0.0,0.0,0.020180284094649635,0.0,4.941681634222395,0.27,0.06
562,0.026714531735178976,0.02696739414908498,0.0,0.00025286241390600275,0.0,0.0,0.0,4.941681634222395,0.27,0.06
563,0.029804645480665998,0.0736626135481717,0.0,-0.0,0.04385796806750571,0.0,0.0,4.983346703886525,0.27,0.06
564,0.21501210803276488,0.10437907016285335,0.11063303786991154,0.0,0.0,0.0,0.0,4.983346703886525,0.27,0.06
565,0.3840712442055888,0.09879425986927493,0.2852769843363139,0.0,0.0,0.0,0.0,4.983346703886525,0.27,0.06
566,0.21341722058384888,0.21074902177295468,0.0,0.0,0.0,0.0026681988108941956,0.0,4.980538073559268,0.27,0.06
567,0.18640363561486814,0.09139955735092561,0.09500407826394253,0.0,0.0,0.0,0.0,4.980538073559268,0.27,0.06
568,0.21780317851255987,0.057709706366977656,0.16009347214558223,0.0,0.0,0.0,0.0,4.980538073559268,0.27,0.06
569,0.21700572980404675,0.031879958759177165,0.1851257710448696,0.0,0.0,0.0,0.0,4.980538073559268,0.27,0.06
570,0.09080947168189564,0.006231200373853764,0.08457827130804188,0.0,0.0,0.0,0.0,4.980538073559268,0.27,0.06
571,0.09379990433881862,0.0,0.09379990433881862,0.0,0.0,0.0,0.0,4.980538073559268,0.27,0.06
572,0.05851279898712712,0.0,0.05851279898712712,0.0,0.0,0.0,0.0,4.980538073559268,0.27,0.06
573,0.052531933673281,0.0,0.052531933673281,0.0,0.0,0.0,0.0,4.980538073559268,0.27,0.06
574,0.030203369834922448,0.0,0.0,0.0,0.0,0.030203369834922448,0.0,4.948745052680402,0.27,0.06
575,0.020534304244204726,0.0,0.0,0.0,0.0,0.020534304244204726,0.0,4.9271299955812395,0.27,0.06
576,0.07914678431989587,0.0,0.07914678431989587,0.0,0.0,0.0,0.0,4.9271299955812395,0.27,0.06
577,0.034788699908871124,0.0,0.034788699908871124,0.0,0.0,0.0,0.0,4.9271299955812395,0.27,0.06
578,0.03209731051764038,0.0,0.03209731051764038,0.0,0.0,0.0,0.0,4.9271299955812395,0.27,0.06
579,0.03429029446605063,0.0,0.03429029446605063,0.0,0.0,0.0,0.0,4.9271299955812395,0.27,0.06
580,0.029605283303537875,0.0,0.0,0.0,0.0,0.029605283303537875,0.0,4.895966539472252,0.27,0.06
581,0.039772754337076124,0.0,0.039772754337076124,0.0,0.0,0.0,0.0,4.895966539472252,0.27,0.06
582,0.04675043053656325,0.0,0.04675043053656325,0.0,0.0,0.0,0.0,4.895966539472252,0.27,0.06
583,0.04336127352538374,0.0,0.04336127352538374,0.0,0.0,0.0,0.0,4.895966539472252,0.27,0.06
584,0.030801456366307125,0.0003361228417431489,0.0,0.0,0.0,0.030465333524563976,0.0,4.8638977673411325,0.27,0.06
585,0.03947371107138375,0.010962775761468872,0.0,0.0,0.0,0.028510935309914876,0.0,4.833886256488591,0.27,0.06
586,0.034090932288922376,0.018874590344038385,0.0,0.0,0.0,0.015216341944883992,0.0,4.817869054441345,0.27,0.06
587,0.02791070479794825,0.07208542175230001,0.0,-0.0,0.04417471695435176,0.0,0.0,4.859835035547979,0.27,0.06
588,0.21760380636732327,0.1852295414036863,0.03237426496363696,0.0,0.0,0.0,0.0,4.859835035547979,0.27,0.06
589,0.3780903689236325,0.21646311008258817,0.16162725884104434,0.0,0.0,0.0,0.0,4.859835035547979,0.27,0.06
590,0.21002805360456,0.2142653838096522,0.0,-0.0,0.004237330205092205,0.0,0.0,4.863860499242817,0.27,0.06
591,0.1896931115374835,0.12242628120413937,0.06726683033334413,0.0,0.0,0.0,0.0,4.863860499242817,0.27,0.06
592,0.18082149465527853,0.0568306158578033,0.12399087879747522,0.0,0.0,0.0,0.0,4.863860499242817,0.27,0.06
593,0.09998013182979287,0.027794773451837344,0.07218535837795553,0.0,0.0,0.0,0.0,4.863860499242817,0.27,0.06
594,0.034090932288922376,0.006722456834862986,0.0,0.0,0.0,0.02736847545405939,0.0,4.835051577712228,0.27,0.06
595,0.14822577869481762,0.0,0.14822577869481762,0.0,0.0,0.0,0.0,4.835051577712228,0.27,0.06
596,0.0470494738022555,0.0,0.0470494738022555,0.0,0.0,0.0,0.0,4.835051577712228,0.27,0.06
597,0.050637992990563124,0.0,0.050637992990563124,0.0,0.0,0.0,0.0,4.835051577712228,0.27,0.06
598,0.046551068359435,0.0,0.046551068359435,0.0,0.0,0.0,0.0,4.835051577712228,0.27,0.06
599,0.06110450728979363,0.0,0.06110450728979363,0.0,0.0,0.0,0.0,4.835051577712228,0.27,0.06
600,0.05612045286158862,0.0,0.05612045286158862,0.0,0.0,0.0,0.0,4.835051577712228,0.27,0.06
601,0.10685812694071586,0.0,0.10685812694071586,0.0,0.0,0.0,0.0,4.835051577712228,0.27,0.06
602,0.04884373339640925,0.0,0.04884373339640925,0.0,0.0,0.0,0.0,4.835051577712228,0.27,0.06
603,0.034190613377486495,0.0,0.0,0.0,0.0,0.034190613377486495,0.0,4.799061458367506,0.27,0.06
604,0.0171451472330253,0.0,0.0,0.0,0.0,0.0171451472330253,0.0,4.781013934964321,0.27,0.06
605,0.022627607104050835,0.0,0.022627607104050835,0.0,0.0,0.0,0.0,4.781013934964321,0.27,0.06
606,0.02801038588651225,0.0,0.0,0.0,0.0,0.02801038588651225,0.0,4.751529318241676,0.27,0.06
607,0.0778509301685625,0.0,0.0778509301685625,0.0,0.0,0.0,0.0,4.751529318241676,0.27,0.06
608,0.0897129797076905,0.0002844116353211265,0.08942856807236937,0.0,0.0,0.0,0.0,4.751529318241676,0.27,0.06
609,0.061403550555486006,0.012255555922019445,0.04914799463346656,0.0,0.0,0.0,0.0,4.751529318241676,0.27,0.06
610,0.0400717976027685,0.022597797206424033,0.0,0.0,0.0,0.017474000396344468,0.0,4.733135633613945,0.27,0.06
611,0.03399125120035837,0.07650672990138299,0.0,-0.0,0.042515478701024983,0.0,0.0,4.773525338379919,0.27,0.06
612,0.03688200276871725,0.1870911448348791,0.0,-0.0,0.150209142066162,0.0,0.0,4.916224023342773,0.27,0.06
613,0.387859115602915,0.21594599801836792,0.1719131175845471,0.0,0.0,0.0,0.0,4.916224023342773,0.27,0.06
614,0.346292111639795,0.21612698724084506,0.13016512439894995,0.0,0.0,0.0,0.0,4.916224023342773,0.27,0.06
615,0.2173047730697394,0.13057079621560802,0.08673397685413137,0.0,0.0,0.0,0.0,4.916224023342773,0.27,0.06
616,0.18002404594676577,0.06171732486468448,0.11830672108208129,0.0,0.0,0.0,0.0,4.916224023342773,0.27,0.06
617,0.1352672371814845,0.030690601011470642,0.10457663617001386,0.0,0.0,0.0,0.0,4.916224023342773,0.27,0.06
618,0.23873621707912962,0.008480637853211771,0.23025557922591786,0.0,0.0,0.0,0.0,4.916224023342773,0.27,0.06
619,0.1534091953001511,0.0,0.1534091953001511,0.0,0.0,0.0,0.0,4.916224023342773,0.27,0.06
620,0.047547879245076,0.0,0.047547879245076,0.0,0.0,0.0,0.0,4.916224023342773,0.27,0.06
621,0.057815031367178374,0.0,0.057815031367178374,0.0,0.0,0.0,0.0,4.916224023342773,0.27,0.06
622,0.028708153506460925,0.0,0.0,0.0,0.0,0.028708153506460925,0.0,4.886004914388604,0.27,0.06
623,0.04744819815651188,0.0,0.04744819815651188,0.0,0.0,0.0,0.0,4.886004914388604,0.27,0.06
624,0.0500399064591785,0.0,0.0500399064591785,0.0,0.0,0.0,0.0,4.886004914388604,0.27,0.06
625,0.035685829705948004,0.0,0.035685829705948004,0.0,0.0,0.0,0.0,4.886004914388604,0.27,0.06
626,0.019537493358563713,0.0,0.0,0.0,0.0,0.019537493358563713,0.0,4.865439131905905,0.27,0.06
627,0.03239635378333275,0.0,0.03239635378333275,0.0,0.0,0.0,0.0,4.865439131905905,0.27,0.06
628,0.029904326569230123,0.0,0.0,0.0,0.0,0.029904326569230123,0.0,4.833960893411978,0.27,0.06
629,0.027212937177999524,0.0,0.0,0.0,0.0,0.027212937177999524,0.0,4.805315696382506,0.27,0.06
630,0.021531115129845724,0.0,0.0,0.0,0.0,0.021531115129845724,0.0,4.7826513646668785,0.27,0.06
631,0.018740044650050913,0.0,0.0,0.0,0.0,0.018740044650050913,0.0,4.762925001877351,0.27,0.06
632,0.04675043053656325,0.0003361228417431489,0.0464143076948201,0.0,0.0,0.0,0.0,4.762925001877351,0.27,0.06
633,0.03937402998281975,0.01458256021101047,0.02479146977180928,0.0,0.0,0.0,0.0,4.762925001877351,0.27,0.06
634,0.02850879132933275,0.05106481634174767,0.0,-0.0,0.022556025012414844,0.0,0.0,4.784353225639145,0.27,0.06
635,0.035685829705948,0.11733272737157018,0.0,-0.0,0.08164689766562203,0.0,0.0,4.8619177784214855,0.27,0.06
636,0.037679451477230126,0.20392314252524757,0.0,-0.0,0.1662436910480162,0.0,0.0,5.019849284917101,0.27,0.06
637,0.40639978810772875,0.22807227592433243,0.17832751218339632,0.0,0.0,0.0,0.0,5.019849284917101,0.27,0.06
638,0.2364435520421559,0.22034145056423998,0.0,0.0,0.0,0.01610210147791591,0.0,5.002899704414032,0.27,0.06
639,0.21889967048676476,0.15016934344955468,0.06873032703721008,0.0,0.0,0.0,0.0,5.002899704414032,0.27,0.06
640,0.2115232699330215,0.1054650054977159,0.10605826443530561,0.0,0.0,0.0,0.0,5.002899704414032,0.27,0.06
641,0.18291479751512463,0.0375681914655997,0.14534660604952493,0.0,0.0,0.0,0.0,5.002899704414032,0.27,0.06
642,0.14892354631476623,0.008170370614679628,0.1407531757000866,0.0,0.0,0.0,0.0,5.002899704414032,0.27,0.06
643,0.10825366218061325,0.0,0.10825366218061325,0.0,0.0,0.0,0.0,5.002899704414032,0.27,0.06
644,0.046949792713691374,0.0,0.046949792713691374,0.0,0.0,0.0,0.0,5.002899704414032,0.27,0.06
645,0.061403550555486,0.0,0.061403550555486,0.0,0.0,0.0,0.0,5.002899704414032,0.27,0.06
646,0.045354895296665754,0.0,0.045354895296665754,0.0,0.0,0.0,0.0,5.002899704414032,0.27,0.06
647,0.027212937177999448,0.0,0.027212937177999448,0.0,0.0,0.0,0.0,5.002899704414032,0.27,0.06
648,0.028708153506461,0.0,0.0,0.0,0.0,0.028708153506461,0.0,4.972680595459862,0.27,0.06
649,0.06419462103528076,0.0,0.06419462103528076,0.0,0.0,0.0,0.0,4.972680595459862,0.27,0.06
650,0.0837321143938445,0.0,0.0837321143938445,0.0,0.0,0.0,0.0,4.972680595459862,0.27,0.06
651,0.037280727122973624,0.0,0.037280727122973624,0.0,0.0,0.0,0.0,4.972680595459862,0.27,0.06
652,0.023724099078255987,0.0,0.0,0.0,0.0,0.023724099078255987,0.0,4.9477078595880135,0.27,0.06
653,0.030004007657794374,0.0,0.0,0.0,0.0,0.030004007657794374,0.0,4.91612469363244,0.27,0.06
654,0.03738040821153775,0.0,0.03738040821153775,0.0,0.0,0.0,0.0,4.91612469363244,0.27,0.06
655,0.031100499631999373,0.0,0.031100499631999373,0.0,0.0,0.0,0.0,4.91612469363244,0.27,0.06
656,0.03678232168015312,0.0,0.03678232168015312,0.0,0.0,0.0,0.0,4.91612469363244,0.27,0.06
657,0.0340909322889225,0.024562823050460918,0.0,0.0,0.0,0.009528109238461584,0.0,4.906095104960375,0.27,0.06
658,0.030502413100614825,0.04648837457339867,0.0,-0.0,0.015985961472783746,0.0,0.0,4.92128176835952,0.27,0.06
659,0.03638359732589675,0.09168396898624678,0.0,-0.0,0.05530037166034942,0.0,0.0,4.973817121436851,0.27,0.06
660,0.027910704797948126,0.10903307874083551,0.0,-0.0,0.08112237394288754,0.0,0.0,5.050883376682594,0.27,0.06
661,0.41576982040086374,0.11461788903441392,0.3011519313664498,0.0,0.0,0.0,0.0,5.050883376682594,0.27,0.06
662,0.25727688958394423,0.14807503958946272,0.10920184999448151,0.0,0.0,0.0,0.0,5.050883376682594,0.27,0.06
663,0.21042677795881637,0.12211601396560728,0.08831076399320908,0.0,0.0,0.0,0.0,5.050883376682594,0.27,0.06
664,0.2177035073921045,0.07211127735551101,0.1455922300365935,0.0,0.0,0.0,0.0,5.050883376682594,0.27,0.06
665,0.19687014991409862,0.034465519080278305,0.1624046308338203,0.0,0.0,0.0,0.0,5.050883376682594,0.27,0.06
666,0.08363243330528036,0.010057829649083468,0.07357460365619689,0.0,0.0,0.0,0.0,5.050883376682594,0.27,0.06
667,0.17892755397256124,0.0,0.17892755397256124,0.0,0.0,0.0,0.0,5.050883376682594,0.27,0.06
668,0.050338949724870755,0.0,0.050338949724870755,0.0,0.0,0.0,0.0,5.050883376682594,0.27,0.06
669,0.055622047418768125,0.0,0.055622047418768125,0.0,0.0,0.0,0.0,5.050883376682594,0.27,0.06
670,0.04834532795358875,0.0,0.04834532795358875,0.0,0.0,0.0,0.0,5.050883376682594,0.27,0.06
671,0.030402732012050654,0.0,0.030402732012050654,0.0,0.0,0.0,0.0,5.050883376682594,0.27,0.06
672,0.027212937177999524,0.0,0.027212937177999524,0.0,0.0,0.0,0.0,5.050883376682594,0.27,0.06
673,0.031897948340512225,0.0,0.0,0.0,0.0,0.031897948340512225,0.0,5.017306588955739,0.27,0.06
674,0.02103270968702525,0.0,0.0,0.0,0.0,0.02103270968702525,0.0,4.995166894548344,0.27,0.06
675,0.017444190498717614,0.0,0.0,0.0,0.0,0.017444190498717614,0.0,4.976804588760221,0.27,0.06
676,0.043759997879640126,0.0,0.043759997879640126,0.0,0.0,0.0,0.0,4.976804588760221,0.27,0.06
677,0.043759997879640126,0.0,0.043759997879640126,0.0,0.0,0.0,0.0,4.976804588760221,0.27,0.06
678,0.02990432656923024,0.0,0.0,0.0,0.0,0.02990432656923024,0.0,4.945326350266294,0.27,0.06
679,0.09080947168189561,0.0,0.09080947168189561,0.0,0.0,0.0,0.0,4.945326350266294,0.27,0.06
680,0.03847690018574275,0.00012927801605505743,0.03834762216968769,0.0,0.0,0.0,0.0,4.945326350266294,0.27,0.06
681,0.032196991606204504,0.013729325305047094,0.0,0.0,0.0,0.018467666301157412,0.0,4.925886701528233,0.27,0.06
682,0.030502413100614877,0.05530513526835359,0.0,-0.0,0.02480272216773871,0.0,0.0,4.949449287587584,0.27,0.06
683,0.032496034871896874,0.054089921917436064,0.0,-0.0,0.021593887045539082,0.0,0.0,4.969963480280846,0.27,0.06
684,0.020235260978512425,0.052719574947252414,0.0,-0.0,0.0324843139687414,0.0,0.0,5.000823578551151,0.27,0.06
685,0.4086924631128125,0.05416748872706907,0.35452497438574343,0.0,0.0,0.0,0.0,5.000823578551151,0.27,0.06
686,0.24950176467594337,0.037775036291287784,0.2117267283846556,0.0,0.0,0.0,0.0,5.000823578551151,0.27,0.06
687,0.2141149782356876,0.04687620862156382,0.16723876961412376,0.0,0.0,0.0,0.0,5.000823578551151,0.27,0.06
688,0.21909903266389286,0.1017676542385413,0.11733137842535156,0.0,0.0,0.0,0.0,5.000823578551151,0.27,0.06
689,0.15829356863979177,0.05034085945183937,0.1079527091879524,0.0,0.0,0.0,0.0,5.000823578551151,0.27,0.06
690,0.098086191147075,0.008894327504587947,0.08919186364248705,0.0,0.0,0.0,0.0,5.000823578551151,0.27,0.06
691,0.1892943871832266,0.0,0.1892943871832266,0.0,0.0,0.0,0.0,5.000823578551151,0.27,0.06
692,0.05233257149615275,0.0,0.05233257149615275,0.0,0.0,0.0,0.0,5.000823578551151,0.27,0.06
693,0.05073767407912725,0.0,0.05073767407912725,0.0,0.0,0.0,0.0,5.000823578551151,0.27,0.06
694,0.029904326569230172,0.0,0.029904326569230172,0.0,0.0,0.0,0.0,5.000823578551151,0.27,0.06
695,0.025318996495281524,0.0,0.025318996495281524,0.0,0.0,0.0,0.0,5.000823578551151,0.27,0.06
696,0.020035898801384226,0.0,0.0,0.0,0.0,0.020035898801384226,0.0,4.97973315876022,0.27,0.06
697,0.056618858304409124,0.0,0.056618858304409124,0.0,0.0,0.0,0.0,4.97973315876022,0.27,0.06
698,0.045753619650922124,0.0,0.045753619650922124,0.0,0.0,0.0,0.0,4.97973315876022,0.27,0.06
699,0.02870815350646095,0.0,0.0,0.0,0.0,0.02870815350646095,0.0,4.949514049806051,0.27,0.06
700,0.030203369834922524,0.0,0.0,0.0,0.0,0.030203369834922524,0.0,4.917721028927184,0.27,0.06
701,0.03558614861738388,0.0,0.03558614861738388,0.0,0.0,0.0,0.0,4.917721028927184,0.27,0.06
702,0.030701775277743003,0.0,0.030701775277743003,0.0,0.0,0.0,0.0,4.917721028927184,0.27,0.06
703,0.04286286808256325,0.0,0.04286286808256325,0.0,0.0,0.0,0.0,4.917721028927184,0.27,0.06
704,0.0410686084884095,0.0,0.0410686084884095,0.0,0.0,0.0,0.0,4.917721028927184,0.27,0.06
705,0.04784692251076825,0.009101172330276045,0.0387457501804922,0.0,0.0,0.0,0.0,4.917721028927184,0.27,0.06
706,0.03937402998281975,0.03617198889220505,0.0,0.0,0.0,0.003202041090614699,0.0,4.914350459358117,0.27,0.06
707,0.025318996495281573,0.07487782689908928,0.0,-0.0,0.04955883040380771,0.0,0.0,4.961431348241734,0.27,0.06
708,0.029007196772153264,0.09191666941514588,0.0,-0.0,0.06290947264299263,0.0,0.0,5.021195347252577,0.27,0.06
709,0.42633600582054876,0.06500098647248287,0.3613350193480659,0.0,0.0,0.0,0.0,5.021195347252577,0.27,0.06
710,0.24332153718496913,0.05680476025459225,0.18651677693037688,0.0,0.0,0.0,0.0,5.021195347252577,0.27,0.06
711,0.23385183377138025,0.028130896293580492,0.20572093747779976,0.0,0.0,0.0,0.0,5.021195347252577,0.27,0.06
712,0.2283693739003551,0.014091303750001265,0.21427807015035386,0.0,0.0,0.0,0.0,5.021195347252577,0.27,0.06
713,0.11104473266040812,0.005377965467890389,0.10566676719251773,0.0,0.0,0.0,0.0,5.021195347252577,0.27,0.06
714,0.04186605719692225,0.0005171120642202294,0.04134894513270202,0.0,0.0,0.0,0.0,5.021195347252577,0.27,0.06
715,0.20474495591066275,0.0,0.20474495591066275,0.0,0.0,0.0,0.0,5.021195347252577,0.27,0.06
716,0.047149154890819625,0.0,0.047149154890819625,0.0,0.0,0.0,0.0,5.021195347252577,0.27,0.06
717,0.05612045286158862,0.0,0.05612045286158862,0.0,0.0,0.0,0.0,5.021195347252577,0.27,0.06
718,0.048046284687896505,0.0,0.048046284687896505,0.0,0.0,0.0,0.0,5.021195347252577,0.27,0.06
719,0.021132390775589274,0.0,0.021132390775589274,0.0,0.0,0.0,0.0,5.021195347252577,0.27,0.06
720,0.020135579889948324,0.0,0.0,0.0,0.0,0.020135579889948324,0.0,5.0,0.27,0.06
