,0.58073974597962,0.3861518734099475,0.1945774848771245
0,0.0,0.0,0.0
1,0.0,0.0,0.0
2,0.0,0.0,0.0
3,0.0,0.0,0.0
4,0.0,0.0,0.0
5,0.0,0.0,0.0
6,0.0,0.0,0.0
7,0.0,0.0,0.0
8,0.0,0.0,0.0
9,0.0,0.0,0.0
10,0.0,0.0,0.0
11,0.0,0.0,0.0
12,0.0,0.0,0.0
13,0.0,0.0,0.0
14,0.0,0.0,0.0
15,0.0,0.0,0.0
16,0.0,0.0,0.0
17,0.0,0.0,0.0
18,0.0,0.0,0.0
19,0.0,0.0,0.0
20,0.0,0.0,0.0
21,0.0,0.0,0.0
22,0.0,0.0,0.0
23,0.0,0.0,0.0
24,0.0,0.0,0.0
25,0.0,0.0,0.0
26,0.0,0.0,0.0
27,0.0,0.0,0.0
28,0.0,0.0,0.0
29,0.0,0.0,0.0
30,0.0,0.0,0.0
31,0.0,0.0,0.0
32,0.0,0.0,0.0
33,0.021209105447015045,0.010616853988788462,0.005349710537990893
34,0.04847795530746302,0.024267094831516515,0.012227909801122056
35,0.06423329078238856,0.03215390065175941,0.016201980486486738
36,0.07817070293328406,0.039130690415820346,0.0197175045543093
37,0.09029019176014987,0.04519746412369951,0.022774482004589827
38,0.1005917572629857,0.05035422177539674,0.02537291283732825
39,0.11089332276582166,0.05551097942709403,0.027971343670066703
40,0.11755904162059791,0.05884770496642759,0.029652681267721005
41,0.1272546326820904,0.06370112393273084,0.03209826322794539
42,0.24420769986134502,0.12224549021376448,0.061598095623152375
43,0.46054057542089843,0.23053740089940677,0.11616514311065947
44,0.5714338981867203,0.2860483803265009,0.14413648678072621
45,0.7786771571261266,0.38979021073123493,0.19641080118052348
46,0.8919943776573199,0.44651454489990405,0.22499354034064592
47,0.9750128761213496,0.48807194479887567,0.24593383587506723
48,1.042882013551798,0.5220458775629989,0.2630529095966382
49,0.9598635150877682,0.48048847766402725,0.24211261406221682
50,1.0768165822670213,0.5390328439450601,0.27161244645742344
51,1.206495112714487,0.6039473226193678,0.3043221051754254
52,1.2264922692788143,0.6139574992373678,0.309366117968388
53,1.1701366462338887,0.5857470014957299,0.29515117282458364
54,0.8495761667632892,0.4252808369223268,0.21429411926466396
55,0.5974907991644819,0.2990919437984411,0.1507089882988294
56,0.4417553677392569,0.2211339016521943,0.11142682806272476
57,0.39933715684522647,0.19990019367461723,0.1007274069867429
58,0.41327456899612214,0.20687698343867822,0.10424293105456549
59,0.456298754331496,0.22841403010164937,0.11509520100306145
60,0.4829616297506001,0.24176093225898318,0.12182055139367842
61,0.36903843477806236,0.18473325940491953,0.09308496336104168
62,0.2726884986044796,0.13650240842728043,0.06878199263131159
63,0.19754766787791195,0.09888841143842987,0.049828732439572414
64,0.1684608946934341,0.08432815453951994,0.04249198655889917
65,0.14846373812910538,0.07431797792151927,0.03744797376593627
66,0.13270840265418007,0.06643117210127648,0.03347390308057164
67,0.1072574761177619,0.05369094731473027,0.027054250434982538
68,0.07574680516791088,0.03791733567424451,0.019106109064253193
69,0.044236134218060004,0.02214372403375882,0.011157967693523875
70,0.019997156564328437,0.010010176618000534,0.005044012792962833
71,0.0,0.0,0.0
72,0.0,0.0,0.0
73,0.0,0.0,0.0
74,0.0,0.0,0.0
75,0.0,0.0,0.0
76,0.0,0.0,0.0
77,0.0,0.0,0.0
78,0.0,0.0,0.0
79,0.0,0.0,0.0
80,0.0,0.0,0.0
81,0.0,0.0,0.0
82,0.0,0.0,0.0
83,0.0,0.0,0.0
84,0.0,0.0,0.0
85,0.0,0.0,0.0
86,0.0,0.0,0.0
87,0.0,0.0,0.0
88,0.0,0.0,0.0
89,0.0,0.0,0.0
90,0.0,0.0,0.0
91,0.0,0.0,0.0
92,0.0,0.0,0.0
93,0.0,0.0,0.0
94,0.0,0.0,0.0
95,0.0,0.0,0.0
96,0.0,0.0,0.0
97,0.0,0.0,0.0
98,0.0,0.0,0.0
99,0.0,0.0,0.0
100,0.0,0.0,0.0
101,0.0,0.0,0.0
102,0.0,0.0,0.0
103,0.0,0.0,0.0
104,0.0,0.0,0.0
105,0.0,0.0,0.0
106,0.0,0.0,0.0
107,0.0,0.0,0.0
108,0.0,0.0,0.0
109,0.0,0.0,0.0
110,0.0,0.0,0.0
111,0.0,0.0,0.0
112,0.0,0.0,0.0
113,0.0,0.0,0.0
114,0.0,0.0,0.0
115,0.0,0.0,0.0
116,0.0,0.0,0.0
117,0.0,0.0,0.0
118,0.0,0.0,0.0
119,0.0,0.0,0.0
120,0.0,0.0,0.0
121,0.0,0.0,0.0
122,0.0,0.0,0.0
123,0.0,0.0,0.0
124,0.0,0.0,0.0
125,0.0,0.0,0.0
126,0.0,0.0,0.0
127,0.0,0.0,0.0
128,0.0,0.0,0.0
129,0.02726884986044792,0.013650240842728026,0.0068781992631311495
130,0.04968990419014952,0.02487377220230439,0.012533607546150087
131,0.06544523966507511,0.03276057802254731,0.016507678231514784
132,0.08120057514000058,0.04064738384279017,0.02048174891687945
133,0.09210811508417983,0.04610748017988142,0.02323302862213193
134,0.10240968058701551,0.05126423783157858,0.025831459454870313
135,0.1121052716485082,0.05611765679788193,0.028277041415094746
136,0.12119488826865751,0.06066773707879127,0.03056977450280513
137,0.1333143770955232,0.06673451078667036,0.03362675195308563
138,0.26481083086701684,0.13255900551715902,0.06679495728862926
139,0.4744779875717941,0.2375141906634678,0.11968066717848207
140,0.5793115659241836,0.2899917832366226,0.1461235221234087
141,0.7744353360367228,0.38766683993347684,0.19534085907292512
142,0.894418275422693,0.44772789964147985,0.225604935830702
143,0.9665292339425438,0.4838252032033604,0.24379395165987092
144,1.051365655730605,0.5262926191585148,0.2651927938118348
145,0.9707710550319474,0.4859485740011184,0.24486389376746928
146,1.070150863412246,0.5356961184057271,0.26993110885976934
147,1.2010413427423967,0.6012172744508218,0.30294646532279906
148,1.23497591145762,0.6182042408328831,0.31150600218358426
149,1.1755904162059791,0.5884770496642759,0.29652681267721004
150,0.8907824287746334,0.44590786752911615,0.2246878425956179
151,0.6174879557288108,0.3091021204164419,0.15575300109179233
152,0.46357044762761496,0.23205409432637658,0.1169293874732296
153,0.41751639008552577,0.20900035423643626,0.10531287316216384
154,0.4217582111749282,0.21112372503419363,0.10638281526976186
155,0.47690188533716854,0.23872754540504426,0.1202920626685385
156,0.48902137416403335,0.2447943191129229,0.12334904011881877
157,0.37873402583955557,0.18958667837122314,0.09553054532126624
158,0.28601993631403183,0.14317585950594747,0.07214466782662014
159,0.2102731311461209,0.10525852383170291,0.053038558762366926
160,0.18542817905104608,0.09282163773055069,0.04677175498929187
161,0.1593712780732847,0.07977807425861055,0.04019925347118876
162,0.1399800959502995,0.07007123632600396,0.03530808955073994
163,0.11392319497253801,0.05702767285406377,0.028735588032636813
164,0.0769587540505976,0.0385240130450325,0.019411806809281278
165,0.046660031983433055,0.023357078775334595,0.011769363183579953
166,0.01878520768164188,0.00940349924721263,0.004738315047934786
167,0.0,0.0,0.0
168,0.0,0.0,0.0
169,0.0,0.0,0.0
170,0.0,0.0,0.0
171,0.0,0.0,0.0
172,0.0,0.0,0.0
173,0.0,0.0,0.0
174,0.0,0.0,0.0
175,0.0,0.0,0.0
176,0.0,0.0,0.0
177,0.0,0.0,0.0
178,0.0,0.0,0.0
179,0.0,0.0,0.0
180,0.0,0.0,0.0
181,0.0,0.0,0.0
182,0.0,0.0,0.0
183,0.0,0.0,0.0
184,0.0,0.0,0.0
185,0.0,0.0,0.0
186,0.0,0.0,0.0
187,0.0,0.0,0.0
188,0.0,0.0,0.0
189,0.0,0.0,0.0
190,0.0,0.0,0.0
191,0.0,0.0,0.0
192,0.0,0.0,0.0
193,0.0,0.0,0.0
194,0.0,0.0,0.0
195,0.0,0.0,0.0
196,0.0,0.0,0.0
197,0.0,0.0,0.0
198,0.0,0.0,0.0
199,0.0,0.0,0.0
200,0.0,0.0,0.0
201,0.0,0.0,0.0
202,0.0,0.0,0.0
203,0.0,0.0,0.0
204,0.0,0.0,0.0
205,0.0,0.0,0.0
206,0.0,0.0,0.0
207,0.0,0.0,0.0
208,0.0,0.0,0.0
209,0.0,0.0,0.0
210,0.0,0.0,0.0
211,0.0,0.0,0.0
212,0.0,0.0,0.0
213,0.0,0.0,0.0
214,0.0,0.0,0.0
215,0.0,0.0,0.0
216,0.0,0.0,0.0
217,0.0,0.0,0.0
218,0.0,0.0,0.0
219,0.0,0.0,0.0
220,0.0,0.0,0.0
221,0.0,0.0,0.0
222,0.0,0.0,0.0
223,0.0,0.0,0.0
224,0.0,0.0,0.0
225,0.026662875419104615,0.013346902157334061,0.006725350390617119
226,0.050295878631492937,0.02517711088769841,0.012686456418664145
227,0.06726316298910497,0.033670594078729174,0.016966224849056858
228,0.0818065495813437,0.04095072252818405,0.020634597789393434
229,0.09271408952552297,0.04641081886527531,0.023385877494645917
230,0.10604552723507533,0.053084269943942365,0.02674855268995449
231,0.11392319497253801,0.05702767285406377,0.028735588032636813
232,0.12361878603403079,0.06188109182036716,0.031181169992861264
233,0.13392035153686663,0.06703784947206438,0.033779600825599686
234,0.27026460083910653,0.13528905368570465,0.0681705971412555
235,0.4678122687170187,0.23417746512413465,0.11799932958082797
236,0.5890071569856747,0.29484520220292515,0.14856910408363272
237,0.7865548248635885,0.39373361364135595,0.1983978365232056
238,0.9041138664841869,0.45258131860778383,0.22805051779092675
239,0.9780427483280667,0.4895886382258458,0.24669808023763753
240,1.0531835790546344,0.5272026352146965,0.2656513404293767
241,0.9659232595012011,0.4835218645179668,0.24364110278735707
242,1.0671209912055317,0.5341794249787584,0.2691668644971998
243,1.1992234194183675,0.6003072583946404,0.30248791870525715
244,1.2404296814297104,0.620934289001429,0.3128816420362107
245,1.1840740583847849,0.5927237912597912,0.2986666968924064
246,0.8877525565679176,0.44439117410214674,0.22392359823304792
247,0.6411209589411992,0.32093232914680636,0.1617141071198394
248,0.4775078597785107,0.23903088409043763,0.12044491154105222
249,0.4247880833816447,0.21264041846116344,0.10714705963233201
250,0.42842393002970497,0.21446045057352744,0.10806415286741629
251,0.4799317575438836,0.24024423883201335,0.12105630703110828
252,0.5011408629908998,0.2508610928208024,0.12640601756909947
253,0.3914594891077639,0.19595679076449588,0.0987403716440606
254,0.2914737062861215,0.1459059076744931,0.07352030767924637
255,0.21148508002880761,0.10586520120249089,0.053344256507395015
256,0.1848222046097028,0.09251829904515674,0.046618906116777846
257,0.1617951758386579,0.08099142900018641,0.04081064896124488
258,0.14240399371567258,0.07128459106757974,0.03591948504079603
259,0.11695306717925459,0.05854436628103362,0.02949983239520697
260,0.0818065495813437,0.04095072252818405,0.020634597789393434
261,0.050295878631492937,0.02517711088769841,0.012686456418664145
262,0.0224210543297016,0.011223531359576364,0.005655408283018939
263,0.0,0.0,0.0
264,0.0,0.0,0.0
265,0.0,0.0,0.0
266,0.0,0.0,0.0
267,0.0,0.0,0.0
268,0.0,0.0,0.0
269,0.0,0.0,0.0
270,0.0,0.0,0.0
271,0.0,0.0,0.0
272,0.0,0.0,0.0
273,0.0,0.0,0.0
274,0.0,0.0,0.0
275,0.0,0.0,0.0
276,0.0,0.0,0.0
277,0.0,0.0,0.0
278,0.0,0.0,0.0
279,0.0,0.0,0.0
280,0.0,0.0,0.0
281,0.0,0.0,0.0
282,0.0,0.0,0.0
283,0.0,0.0,0.0
284,0.0,0.0,0.0
285,0.0,0.0,0.0
286,0.0,0.0,0.0
287,0.0,0.0,0.0
288,0.0,0.0,0.0
289,0.0,0.0,0.0
290,0.0,0.0,0.0
291,0.0,0.0,0.0
292,0.0,0.0,0.0
293,0.0,0.0,0.0
294,0.0,0.0,0.0
295,0.0,0.0,0.0
296,0.0,0.0,0.0
297,0.0,0.0,0.0
298,0.0,0.0,0.0
299,0.0,0.0,0.0
300,0.0,0.0,0.0
301,0.0,0.0,0.0
302,0.0,0.0,0.0
303,0.0,0.0,0.0
304,0.0,0.0,0.0
305,0.0,0.0,0.0
306,0.0,0.0,0.0
307,0.0,0.0,0.0
308,0.0,0.0,0.0
309,0.0,0.0,0.0
310,0.0,0.0,0.0
311,0.0,0.0,0.0
312,0.0,0.0,0.0
313,0.0,0.0,0.0
314,0.0,0.0,0.0
315,0.0,0.0,0.0
316,0.0,0.0,0.0
317,0.0,0.0,0.0
318,0.0,0.0,0.0
319,0.0,0.0,0.0
320,0.0,0.0,0.0
321,0.04181223645268684,0.020930369292182987,0.01054657220346777
322,0.07877667737462736,0.03943402910121431,0.019870353426823327
323,0.09634993617358274,0.048230850977639066,0.024302970729730082
324,0.10665150167641875,0.053387608629336385,0.02690140156246855
325,0.11816501606194132,0.05915104365182161,0.029805530140235063
326,0.1333143770955232,0.06673451078667036,0.03362675195308563
327,0.14846373812910538,0.07431797792151927,0.03744797376593627
328,0.15573543142522497,0.07795804214624681,0.039282160236104605
329,0.1514936103358219,0.07583467134848909,0.03821221812850641
330,0.27996019190059906,0.14014247265200794,0.07061617910147991
331,0.4714481153650788,0.23599749723649857,0.11891642281591223
332,0.5932489780750783,0.29696857300068313,0.14963904619123103
333,0.7889787226289616,0.39494696838293175,0.1990092320132617
334,0.9041138664841869,0.45258131860778383,0.22805051779092675
335,0.9889502882722456,0.4950487345629369,0.24944935994288994
336,1.0659090423228454,0.5335727476079705,0.26886116675217175
337,0.95077389846762,0.4759383973831184,0.23981988097450668
338,1.045911885758515,0.523562570989969,0.2638171539592084
339,1.1634709273791137,0.5824102759563969,0.29346983522692965
340,1.2222504481894119,0.6118341284396104,0.30829617586078994
341,1.2040712149491137,0.602733967877792,0.30371070968536934
342,0.878662939947768,0.4398410938212372,0.22163086514533745
343,0.6508165500026902,0.32578574811310884,0.1641596890800634
344,0.49023332304672046,0.24540099648371108,0.12365473786384695
345,0.4260000322643318,0.21324709583195162,0.1074527573773602
346,0.41994028785089876,0.21021370897801198,0.10592426865221989
347,0.4696301920410481,0.2350874811803163,0.11845787619836994
348,0.48902137416403335,0.2447943191129229,0.12334904011881877
349,0.37994597472224134,0.19019335574201066,0.0958362430662941
350,0.2890498085207484,0.1446925529329173,0.0729089121891903
351,0.21390897779418053,0.1070785559440666,0.05395565199745106
352,0.1884580512577625,0.09433833115752045,0.04753599935186199
353,0.1630071247213444,0.08159810637097428,0.041116346706272906
354,0.14482789148104577,0.07249794580915558,0.03653088053085214
355,0.11998293938597095,0.060061059708003364,0.03026407675777708
356,0.0836244729053738,0.04186073858436603,0.021093144406935566
357,0.05211380195552291,0.026087126943880334,0.01314500303620625
358,0.02545092653641801,0.012740224786546132,0.006419652645589059
359,0.0,0.0,0.0
360,0.0,0.0,0.0
361,0.0,0.0,0.0
362,0.0,0.0,0.0
363,0.0,0.0,0.0
364,0.0,0.0,0.0
365,0.0,0.0,0.0
366,0.0,0.0,0.0
367,0.0,0.0,0.0
368,0.0,0.0,0.0
369,0.0,0.0,0.0
370,0.0,0.0,0.0
371,0.0,0.0,0.0
372,0.0,0.0,0.0
373,0.0,0.0,0.0
374,0.0,0.0,0.0
375,0.0,0.0,0.0
376,0.0,0.0,0.0
377,0.0,0.0,0.0
378,0.0,0.0,0.0
379,0.0,0.0,0.0
380,0.0,0.0,0.0
381,0.0,0.0,0.0
382,0.0,0.0,0.0
383,0.0,0.0,0.0
384,0.0,0.0,0.0
385,0.0,0.0,0.0
386,0.0,0.0,0.0
387,0.0,0.0,0.0
388,0.0,0.0,0.0
389,0.0,0.0,0.0
390,0.0,0.0,0.0
391,0.0,0.0,0.0
392,0.0,0.0,0.0
393,0.0,0.0,0.0
394,0.0,0.0,0.0
395,0.0,0.0,0.0
396,0.0,0.0,0.0
397,0.0,0.0,0.0
398,0.0,0.0,0.0
399,0.0,0.0,0.0
400,0.0,0.0,0.0
401,0.0,0.0,0.0
402,0.0,0.0,0.0
403,0.0,0.0,0.0
404,0.0,0.0,0.0
405,0.0,0.0,0.0
406,0.0,0.0,0.0
407,0.0,0.0,0.0
408,0.0,0.0,0.0
409,0.0,0.0,0.0
410,0.0,0.0,0.0
411,0.0,0.0,0.0
412,0.0,0.0,0.0
413,0.0,0.0,0.0
414,0.0,0.0,0.0
415,0.0,0.0,0.0
416,0.0,0.0,0.0
417,0.0357524920392539,0.017896982438243392,0.009018083478327497
418,0.06059744413432872,0.03033386853939562,0.015284887251402557
419,0.07938265181597079,0.039737367786608344,0.02002320229933739
420,0.09513798729089626,0.0476241736068512,0.023997272984702053
421,0.11271124608985147,0.05642099548327587,0.02842989028760877
422,0.13392035153686663,0.06703784947206438,0.033779600825599686
423,0.15088763589447876,0.07553133266309521,0.038059369255992424
424,0.1617951758386579,0.08099142900018641,0.04081064896124488
425,0.1817923324029863,0.09100160561818693,0.04585466175420771
426,0.28965578296209166,0.14499589161831125,0.07306176106170431
427,0.49992891410821283,0.25025441545001426,0.1261003198240713
428,0.6193058790528412,0.31001213647262404,0.15621154770933454
429,0.7895846970703055,0.39525030706832603,0.1991620808857759
430,0.9083556875735876,0.4547046894055404,0.22912045989852436
431,0.9713770294732897,0.4862519126865119,0.24501674263998308
432,1.033792396931648,0.5174957972820893,0.26076017650892763
433,0.9459261029368737,0.4735116878999668,0.2385970899943945
434,1.018643035898067,0.5099123301472408,0.25693895469607725
435,1.1416558474907557,0.5714900832822146,0.2879672758164248
436,1.1974054960943383,0.5993972423384588,0.30202937208771524
437,1.1877099050328446,0.594543823372155,0.2995837901274905
438,0.8992660709534392,0.45015460912463146,0.22682772681081417
439,0.6556643455334379,0.3282124575962611,0.16538248006017592
440,0.5168961984658256,0.25874789864104536,0.13038008825446418
441,0.4587226520968691,0.22962738484322515,0.11570659649311751
442,0.44236134218060047,0.2214372403375884,0.11157967693523886
443,0.4793257831025413,0.2399409001466199,0.1209034581585945
444,0.49386916969477906,0.24722102859607428,0.12457183109893083
445,0.38661169357701813,0.19353008128134447,0.09751758066394853
446,0.2829900641073155,0.14165916607897772,0.07138042346405003
447,0.22602846662104653,0.11314532965194586,0.05701262944773164
448,0.19754766787791195,0.09888841143842987,0.049828732439572414
449,0.17270271578283702,0.0864515253372776,0.04356192866649733
450,0.1514936103358219,0.07583467134848909,0.03821221812850641
451,0.12483073491671734,0.062487769191155056,0.03148686773788931
452,0.08423044734671703,0.042164077269759966,0.02124599327944958
453,0.04968990419014952,0.02487377220230439,0.012533607546150087
454,0.023633003212388152,0.011830208730364266,0.005961106028046984
455,0.0006059744413431908,0.0003033386853939079,0.00015284887251400126
456,0.0,0.0,0.0
457,0.0,0.0,0.0
458,0.0,0.0,0.0
459,0.0,0.0,0.0
460,0.0,0.0,0.0
461,0.0,0.0,0.0
462,0.0,0.0,0.0
463,0.0,0.0,0.0
464,0.0,0.0,0.0
465,0.0,0.0,0.0
466,0.0,0.0,0.0
467,0.0,0.0,0.0
468,0.0,0.0,0.0
469,0.0,0.0,0.0
470,0.0,0.0,0.0
471,0.0,0.0,0.0
472,0.0,0.0,0.0
473,0.0,0.0,0.0
474,0.0,0.0,0.0
475,0.0,0.0,0.0
476,0.0,0.0,0.0
477,0.0,0.0,0.0
478,0.0,0.0,0.0
479,0.0,0.0,0.0
480,0.0,0.0,0.0
481,0.0,0.0,0.0
482,0.0,0.0,0.0
483,0.0,0.0,0.0
484,0.0,0.0,0.0
485,0.0,0.0,0.0
486,0.0,0.0,0.0
487,0.0,0.0,0.0
488,0.0,0.0,0.0
489,0.0,0.0,0.0
490,0.0,0.0,0.0
491,0.0,0.0,0.0
492,0.0,0.0,0.0
493,0.0,0.0,0.0
494,0.0,0.0,0.0
495,0.0,0.0,0.0
496,0.0,0.0,0.0
497,0.0,0.0,0.0
498,0.0,0.0,0.0
499,0.0,0.0,0.0
500,0.0,0.0,0.0
501,0.0,0.0,0.0
502,0.0,0.0,0.0
503,0.0,0.0,0.0
504,0.0,0.0,0.0
505,0.0,0.0,0.0
506,0.0,0.0,0.0
507,0.0,0.0,0.0
508,0.0,0.0,0.0
509,0.0,0.0,0.0
510,0.0,0.0,0.0
511,0.0,0.0,0.0
512,0.0,0.0,0.0
513,0.027874824301791168,0.013953579528121962,0.007031048135645165
514,0.050295878631492937,0.02517711088769841,0.012686456418664145
515,0.08059460069865733,0.04034404515739624,0.020328900044365435
516,0.11574111829656787,0.05793768891024564,0.029194134650178886
517,0.1399800959502995,0.07007123632600396,0.03530808955073994
518,0.17633856243089693,0.08827155744964142,0.044479021901581525
519,0.2036074122913448,0.10192179829236941,0.05135722116471266
520,0.21087910558746428,0.10556186251709691,0.05319140763488098
521,0.20906118226343434,0.10465184646091501,0.05273286101733888
522,0.3241963261186591,0.16228619668576677,0.08177414679500379
523,0.5096245051697047,0.2551078344163172,0.12854590178429554
524,0.6162760068461256,0.3084954430456547,0.15544730334676463
525,0.7447425884109017,0.372803244349173,0.18785126431973784
526,0.9780427483280667,0.4895886382258458,0.24669808023763753
527,1.0356103202556801,0.5184058133382722,0.26121872312647026
528,1.090148019976575,0.5457062950237278,0.2749751216527323
529,1.0265207036355302,0.5138557330573627,0.2589259900387597
530,1.123476614250456,0.5623899227203955,0.28338180964100373
531,1.1907397772395603,0.5960605167991243,0.3003480344900605
532,1.2180086271000068,0.6097107576418517,0.3072262337531913
533,1.1974054960943383,0.5993972423384588,0.30202937208771524
534,0.8871465821265737,0.44408783541675245,0.22377074936053373
535,0.7429246650868712,0.37189322829299076,0.1873927177021956
536,0.5544666138291086,0.27755489713547027,0.1398567183503336
537,0.5096245051697047,0.2551078344163172,0.12854590178429554
538,0.5114424284937352,0.2560178504724994,0.12900444840183778
539,0.5956728758404528,0.29818192774225966,0.1502504416812875
540,0.49023332304672046,0.24540099648371108,0.12365473786384695
541,0.4750839620131377,0.23781752934886188,0.11983351605099617
542,0.41751639008552577,0.20900035423643626,0.10531287316216384
543,0.35873686927522686,0.17957650175322246,0.09048653252830334
544,0.30359319511298727,0.15197268138237222,0.0765772851295269
545,0.2854139618726887,0.14287252082055357,0.07199181895410614
546,0.17209674134149378,0.08614818665188365,0.043409079793983306
547,0.12240683715134412,0.0612744144495792,0.03087547224783319
548,0.10543955279373203,0.0527809312585484,0.02659570381744046
549,0.055749648603582405,0.027907159056243958,0.014062096271290346
550,0.0224210543297016,0.011223531359576364,0.005655408283018939
551,0.0,0.0,0.0
552,0.0,0.0,0.0
553,0.0,0.0,0.0
554,0.0,0.0,0.0
555,0.0,0.0,0.0
556,0.0,0.0,0.0
557,0.0,0.0,0.0
558,0.0,0.0,0.0
559,0.0,0.0,0.0
560,0.0,0.0,0.0
561,0.0,0.0,0.0
562,0.0,0.0,0.0
563,0.0,0.0,0.0
564,0.0,0.0,0.0
565,0.0,0.0,0.0
566,0.0,0.0,0.0
567,0.0,0.0,0.0
568,0.0,0.0,0.0
569,0.0,0.0,0.0
570,0.0,0.0,0.0
571,0.0,0.0,0.0
572,0.0,0.0,0.0
573,0.0,0.0,0.0
574,0.0,0.0,0.0
575,0.0,0.0,0.0
576,0.0,0.0,0.0
577,0.0,0.0,0.0
578,0.0,0.0,0.0
579,0.0,0.0,0.0
580,0.0,0.0,0.0
581,0.0,0.0,0.0
582,0.0,0.0,0.0
583,0.0,0.0,0.0
584,0.0,0.0,0.0
585,0.0,0.0,0.0
586,0.0,0.0,0.0
587,0.0,0.0,0.0
588,0.0,0.0,0.0
589,0.0,0.0,0.0
590,0.0,0.0,0.0
591,0.0,0.0,0.0
592,0.0,0.0,0.0
593,0.0,0.0,0.0
594,0.0,0.0,0.0
595,0.0,0.0,0.0
596,0.0,0.0,0.0
597,0.0,0.0,0.0
598,0.0,0.0,0.0
599,0.0,0.0,0.0
600,0.0,0.0,0.0
601,0.0,0.0,0.0
602,0.0,0.0,0.0
603,0.0,0.0,0.0
604,0.0,0.0,0.0
605,0.0,0.0,0.0
606,0.0,0.0,0.0
607,0.0,0.0,0.0
608,0.0,0.0,0.0
609,0.0,0.0,0.0
610,0.0,0.0,0.0
611,0.0357524920392539,0.017896982438243392,0.009018083478327497
612,0.058173546368955616,0.029120513797819814,0.014673491761346465
613,0.036964440921940574,0.018503659809031354,0.009323781223355573
614,0.03090469650850758,0.01547027295509173,0.007795292498215286
615,0.043024185335373395,0.02153704666297089,0.010852269948495816
616,0.0957439617322396,0.04792751229224519,0.024150121857216097
617,0.18300428128567303,0.0916082829889749,0.04616035949923579
618,0.24238977653731514,0.1213354741575826,0.06113954900561029
619,0.39267143799045123,0.19656346813528416,0.09904606938908884
620,0.43993744441522764,0.22022388559601275,0.11096828144518284
621,0.5702219493040338,0.28544170295571303,0.14383078903569818
622,0.5956728758404528,0.29818192774225966,0.1502504416812875
623,0.7604979238858269,0.3806900501694157,0.19182533500510243
624,0.7914026203943347,0.39616032312450755,0.19962062750331777
625,0.6205178279355279,0.310618813843412,0.15651724545436263
626,0.5926430036337357,0.29666523431528957,0.1494861973187172
627,0.6453627800306015,0.3230556999445637,0.1627840492274374
628,0.49932293966687014,0.2499510767646206,0.12594747095155742
629,0.2817781152246291,0.14105248870818987,0.07107472571902201
630,0.20906118226343434,0.10465184646091501,0.05273286101733888
631,0.20239546340865813,0.10131512092158146,0.05105152341968459
632,0.21936274776627027,0.10980860411261227,0.055331291850077326
633,0.23330015991716577,0.11678539387667322,0.05884681591789989
634,0.1787624601962699,0.08948491219121715,0.045090417391637584
635,0.16906686913477753,0.08463149322491396,0.04264483543141323
636,0.284202012990002,0.1422658434497656,0.07168612120907807
637,0.3005633229062707,0.15045598795540238,0.07581304076695675
638,0.25147939315746454,0.12588555443849198,0.06343228209332069
639,0.2363300321238823,0.11830208730364306,0.05961106028047004
640,0.26056900977761377,0.13043563471940128,0.06572501518103106
641,0.12664865824074711,0.06339778524733689,0.03194541435543136
642,0.09332006396686628,0.04671415755066927,0.023538726367159948
643,0.050295878631492937,0.02517711088769841,0.012686456418664145
644,0.06605121410641841,0.033063916707941274,0.016660527104028815
645,0.06968706075447802,0.03488394882030495,0.017577620339112934
646,0.011513514385522452,0.005763435022485164,0.002904128577766484
647,0.0,0.0,0.0
648,0.0,0.0,0.0
649,0.0,0.0,0.0
650,0.0,0.0,0.0
651,0.0,0.0,0.0
652,0.0,0.0,0.0
653,0.0,0.0,0.0
654,0.0,0.0,0.0
655,0.0,0.0,0.0
656,0.0,0.0,0.0
657,0.0,0.0,0.0
658,0.0,0.0,0.0
659,0.0,0.0,0.0
660,0.0,0.0,0.0
661,0.0,0.0,0.0
662,0.0,0.0,0.0
663,0.0,0.0,0.0
664,0.0,0.0,0.0
665,0.0,0.0,0.0
666,0.0,0.0,0.0
667,0.0,0.0,0.0
668,0.0,0.0,0.0
669,0.0,0.0,0.0
670,0.0,0.0,0.0
671,0.0,0.0,0.0
