,PV_total,Load_total,Alloc_total__Equal,Alloc_total__Proportional,Alloc_total__InstantLoad,Alloc_total__FixedCustom,Alloc_total__Hierarchical(ILxFix)
0,0.0,1.161469104266692,0.0,0.0,0.0,0.0,0.0
1,0.0,1.173678693799812,0.0,0.0,0.0,0.0,0.0
2,0.0,1.1002282457026522,0.0,0.0,0.0,0.0,0.0
3,0.0,1.0718724735375722,0.0,0.0,0.0,0.0,0.0
4,0.0,0.9340862890401542,0.0,0.0,0.0,0.0,0.0
5,0.0,0.9268281955141667,0.0,0.0,0.0,0.0,0.0
6,0.0,0.9497524062961279,0.0,0.0,0.0,0.0,0.0
7,0.0,0.9538735271964754,0.0,0.0,0.0,0.0,0.0
8,0.0,0.9892721876462012,0.0,0.0,0.0,0.0,0.0
9,0.0,1.0047417683392987,0.0,0.0,0.0,0.0,0.0
10,0.0,0.7765970559652522,0.0,0.0,0.0,0.0,0.0
11,0.0,0.8019696286726171,0.0,0.0,0.0,0.0,0.0
12,0.0,0.7682248269381079,0.0,0.0,0.0,0.0,0.0
13,0.0,0.7612742797479705,0.0,0.0,0.0,0.0,0.0
14,0.0,0.7048375213034699,0.0,0.0,0.0,0.0,0.0
15,0.0,0.6842934260688999,0.0,0.0,0.0,0.0,0.0
16,0.0,0.685824857661559,0.0,0.0,0.0,0.0,0.0
17,0.0,0.6737382866627765,0.0,0.0,0.0,0.0,0.0
18,0.0,0.6736460227620239,0.0,0.0,0.0,0.0,0.0
19,0.0,0.696066150645259,0.0,0.0,0.0,0.0,0.0
20,0.0,0.6547142828650333,0.0,0.0,0.0,0.0,0.0
21,0.0,0.6772574292826083,0.0,0.0,0.0,0.0,0.0
22,0.0,0.6707249239832597,0.0,0.0,0.0,0.0,0.0
23,0.0,0.6496887546113347,0.0,0.0,0.0,0.0,0.0
24,0.0,0.6413598031971716,0.0,0.0,0.0,0.0,0.0
25,0.0,0.6132808227343541,0.0,0.0,0.0,0.0,0.0
26,0.0,0.7636864099462579,0.0,0.0,0.0,0.0,0.0
27,0.0,0.771098276640168,0.0,0.0,0.0,0.0,0.0
28,0.0,0.6490868535245695,0.0,0.0,0.0,0.0,0.0
29,0.0,0.671383962873467,0.0,0.0,0.0,0.0,0.0
30,0.0,0.6642771224807762,0.0,0.0,0.0,0.0,0.0
31,0.0,0.6729806837852412,0.0,0.0,0.0,0.0,0.0
32,0.0,0.6954837412299992,0.0,0.0,0.0,0.0,0.0
33,0.0,0.6816749107504767,0.0,0.0,0.0,0.0,0.0
34,0.0256784438508842,0.720296507640019,0.0256784438508842,0.0256784438508842,0.0256784438508842,0.0256784438508842,0.025678443850884195
35,0.0586935859448783,0.7099321961219814,0.05869358594487829,0.05869358594487831,0.05869358594487829,0.05869358594487831,0.0586935859448783
36,0.07776900137696399,0.7078942387897206,0.07776900137696399,0.07776900137696399,0.07776900137696399,0.07776900137696399,0.07776900137696399
37,0.0946434073361163,0.8848871550695857,0.0946434073361163,0.0946434073361163,0.09464340733611631,0.0946434073361163,0.0946434073361163
38,0.10931680382233601,0.9004005275936922,0.10931680382233602,0.10931680382233602,0.10931680382233601,0.10931680382233602,0.10931680382233602
39,0.1217891908356226,0.9081814498906172,0.12178919083562262,0.12178919083562262,0.1217891908356226,0.12178919083562262,0.12178919083562259
40,0.1342615778489094,0.8077512682052784,0.1342615778489094,0.13426157784890944,0.1342615778489094,0.1342615778489094,0.1342615778489094
41,0.14233194591633,0.6652958054410135,0.14233194591633,0.14233194591633,0.14233194591633,0.14233194591633,0.14233194591633
42,0.1540706631053056,0.9212169920112911,0.1540706631053056,0.1540706631053056,0.1540706631053056,0.1540706631053056,0.1540706631053056
43,0.2956689391973249,0.9159887043018937,0.2956689391973249,0.29566893919732495,0.2956689391973249,0.2956689391973249,0.2956689391973249
44,0.5575890664763449,0.8064498022312168,0.557589066476345,0.5575890664763449,0.5575890664763448,0.5575890664763449,0.5575890664763449
45,0.691850644325253,0.7950398331712968,0.6918506443252531,0.691850644325253,0.691850644325253,0.691850644325253,0.6918506443252531
46,0.9427657242396109,2.606162328367275,0.9427657242396108,0.942765724239611,0.942765724239611,0.9427657242396109,0.9427657242396108
47,1.0799619813857628,2.6018874342990026,1.0799619813857628,1.0799619813857628,1.0799619813857628,1.0799619813857628,1.0799619813857628
48,1.1804747473163666,2.4587199170307574,1.1804747473163666,1.1804747473163664,1.1804747473163666,1.1804747473163666,1.1804747473163666
49,1.2626457676391958,2.4800943873721124,1.2626457676391958,1.2626457676391958,1.2626457676391958,1.262645767639196,1.2626457676391958
50,1.1621330017085922,2.555712702834225,1.1621330017085922,1.162133001708592,1.1621330017085922,1.1621330017085922,1.1621330017085922
51,1.303731277800609,2.5648468290088773,1.3037312778006087,1.303731277800609,1.303731277800609,1.303731277800609,1.3037312778006092
52,1.4607366202031602,2.1263160789250373,1.4607366202031602,1.4607366202031602,1.4607366202031602,1.4607366202031602,1.4607366202031602
53,1.4849477244054252,2.1204726985439475,1.4849477244054252,1.484947724405425,1.4849477244054252,1.484947724405425,1.4849477244054252
54,1.4167164307445,1.885032641728085,1.4167164307445,1.4167164307445,1.4167164307444997,1.4167164307444997,1.4167164307445002
55,1.0286050936839937,1.4730435702276352,1.0286050936839937,1.0286050936839937,1.0286050936839937,1.0286050936839937,1.0286050936839937
56,0.7233984467706273,1.7460707875450767,0.7233984467706271,0.7233984467706273,0.7233984467706273,0.7233984467706271,0.7233984467706273
57,0.5348453019227044,1.68852886810813,0.5348453019227044,0.5348453019227044,0.5348453019227044,0.5348453019227044,0.5348453019227044
58,0.4834884142209357,1.76786927339599,0.4834884142209357,0.4834884142209357,0.4834884142209357,0.4834884142209357,0.48348841422093575
59,0.5003628201800884,1.997821668708685,0.5003628201800884,0.5003628201800885,0.5003628201800884,0.5003628201800884,0.5003628201800884
60,0.5524533777061679,2.0542458092872424,0.5524533777061679,0.552453377706168,0.5524533777061679,0.5524533777061679,0.5524533777061679
61,0.5847348499758512,1.9795120496764576,0.5847348499758511,0.5847348499758513,0.5847348499758512,0.5847348499758512,0.5847348499758512
62,0.4468049230053867,1.3815304319082675,0.44680492300538666,0.44680492300538677,0.4468049230053867,0.44680492300538666,0.44680492300538666
63,0.33015142093994093,1.3763944080996249,0.3301514209399409,0.33015142093994093,0.33015142093994093,0.33015142093994093,0.330151420939941
64,0.23917636272537943,0.4642855261481117,0.23917636272537943,0.23917636272537943,0.23917636272537945,0.23917636272537943,0.23917636272537943
65,0.20396021115845242,0.44715519524144165,0.20396021115845242,0.20396021115845245,0.20396021115845242,0.20396021115845242,0.20396021115845245
66,0.17974910695618992,0.5556791172100732,0.1797491069561899,0.17974910695618992,0.1797491069561899,0.17974910695618992,0.1797491069561899
67,0.1606736915241044,0.5925231682445257,0.1606736915241044,0.1606736915241044,0.16067369152410443,0.1606736915241044,0.1606736915241044
68,0.1298595589030434,0.5688532861526447,0.1298595589030434,0.1298595589030434,0.1298595589030434,0.1298595589030434,0.1298595589030434
69,0.0917087280388724,0.6312851923295573,0.0917087280388724,0.09170872803887241,0.0917087280388724,0.0917087280388724,0.0917087280388724
70,0.0535578971747014,0.710387755895451,0.0535578971747014,0.053557897174701406,0.053557897174701406,0.0535578971747014,0.0535578971747014
71,0.024211104202262197,0.6758195477462634,0.024211104202262197,0.0242111042022622,0.024211104202262197,0.024211104202262197,0.0242111042022622
72,0.0,0.7423658377126747,0.0,0.0,0.0,0.0,0.0
73,0.0,0.7515614731544947,0.0,0.0,0.0,0.0,0.0
74,0.0,0.3897856404571275,0.0,0.0,0.0,0.0,0.0
75,0.0,0.39925806760120996,0.0,0.0,0.0,0.0,0.0
76,0.0,0.36837529821917275,0.0,0.0,0.0,0.0,0.0
77,0.0,0.127043688480145,0.0,0.0,0.0,0.0,0.0
78,0.0,0.2190699352624549,0.0,0.0,0.0,0.0,0.0
79,0.0,0.2253438805137307,0.0,0.0,0.0,0.0,0.0
80,0.0,0.18326146163136162,0.0,0.0,0.0,0.0,0.0
81,0.0,0.20426687636970192,0.0,0.0,0.0,0.0,0.0
82,0.0,0.22006794372762858,0.0,0.0,0.0,0.0,0.0
83,0.0,0.2166849340333131,0.0,0.0,0.0,0.0,0.0
84,0.0,0.2889923434248267,0.0,0.0,0.0,0.0,0.0
85,0.0,0.2609441175955932,0.0,0.0,0.0,0.0,0.0
86,0.0,0.23031553679790343,0.0,0.0,0.0,0.0,0.0
87,0.0,0.2460619091932624,0.0,0.0,0.0,0.0,0.0
88,0.0,0.239299669856576,0.0,0.0,0.0,0.0,0.0
89,0.0,0.2617813070069812,0.0,0.0,0.0,0.0,0.0
90,0.0,0.1517453679234417,0.0,0.0,0.0,0.0,0.0
91,0.0,0.1338154165435697,0.0,0.0,0.0,0.0,0.0
92,0.0,0.1382490466552704,0.0,0.0,0.0,0.0,0.0
93,0.0,0.1186583450618257,0.0,0.0,0.0,0.0,0.0
94,0.0,0.1440535980808596,0.0,0.0,0.0,0.0,0.0
95,0.0,0.17603841700893258,0.0,0.0,0.0,0.0,0.0
96,0.0,0.2132190719712284,0.0,0.0,0.0,0.0,0.0
97,0.0,0.21976980892476639,0.0,0.0,0.0,0.0,0.0
98,0.0,0.2673441156338649,0.0,0.0,0.0,0.0,0.0
99,0.0,0.23874230640010743,0.0,0.0,0.0,0.0,0.0
100,0.0,0.208241784206016,0.0,0.0,0.0,0.0,0.0
101,0.0,0.20818027493884653,0.0,0.0,0.0,0.0,0.0
102,0.0,0.1727891745930091,0.0,0.0,0.0,0.0,0.0
103,0.0,0.1957321312471846,0.0,0.0,0.0,0.0,0.0
104,0.0,0.20449097892599902,0.0,0.0,0.0,0.0,0.0
105,0.0,0.1952338342170085,0.0,0.0,0.0,0.0,0.0
106,0.0,0.1814682041567115,0.0,0.0,0.0,0.0,0.0
107,0.0,0.16209278499835952,0.0,0.0,0.0,0.0,0.0
108,0.0,0.1858924999291808,0.0,0.0,0.0,0.0,0.0
109,0.0,0.2027152845000038,0.0,0.0,0.0,0.0,0.0
110,0.0,0.15290530107220848,0.0,0.0,0.0,0.0,0.0
111,0.0,0.16163961701025928,0.0,0.0,0.0,0.0,0.0
112,0.0,0.1459866913392157,0.0,0.0,0.0,0.0,0.0
113,0.0,0.178432829771059,0.0,0.0,0.0,0.0,0.0
114,0.0,0.5207328789491582,0.0,0.0,0.0,0.0,0.0
115,0.0,0.5213479716208532,0.0,0.0,0.0,0.0,0.0
116,0.0,0.4621803508738885,0.0,0.0,0.0,0.0,0.0
117,0.0,0.23837888227813148,0.0,0.0,0.0,0.0,0.0
118,0.0,0.2686979881171252,0.0,0.0,0.0,0.0,0.0
119,0.0,0.25162916647762473,0.0,0.0,0.0,0.0,0.0
120,0.0,0.2817492929128659,0.0,0.0,0.0,0.0,0.0
121,0.0,0.2641576425024259,0.0,0.0,0.0,0.0,0.0
122,0.0,0.23259641975242962,0.0,0.0,0.0,0.0,0.0
123,0.0,0.2586455943986586,0.0,0.0,0.0,0.0,0.0
124,0.0,0.2561187515692082,0.0,0.0,0.0,0.0,0.0
125,0.0,0.2555959227982684,0.0,0.0,0.0,0.0,0.0
126,0.0,0.22078152319289768,0.0,0.0,0.0,0.0,0.0
127,0.0,0.1955627236534555,0.0,0.0,0.0,0.0,0.0
128,0.0,0.1988571723052077,0.0,0.0,0.0,0.0,0.0
129,0.0,0.2001796215493492,0.0,0.0,0.0,0.0,0.0
130,0.033015142093994,0.2038231971083402,0.033015142093994,0.033015142093994004,0.033015142093994,0.033015142093994,0.033015142093994
131,0.060160925593500204,0.2221837133583977,0.0601609255935002,0.060160925593500204,0.060160925593500204,0.060160925593500204,0.0601609255935002
132,0.0792363410255858,0.21213257965724572,0.0792363410255858,0.07923634102558581,0.0792363410255858,0.0792363410255858,0.0792363410255858
133,0.0983117564576712,0.1982314852769677,0.0983117564576712,0.0983117564576712,0.09831175645767119,0.0983117564576712,0.0983117564576712
134,0.11151781329526901,0.2304711613949224,0.11151781329526901,0.11151781329526902,0.111517813295269,0.11151781329526902,0.11151781329526901
135,0.1239902003085553,0.21930722940368141,0.1239902003085553,0.12399020030855532,0.1239902003085553,0.1239902003085553,0.1239902003085553
136,0.1357289174975313,0.20219883300939223,0.1357289174975313,0.13572891749753133,0.1357289174975313,0.1357289174975313,0.1357289174975313
137,0.1467339648621957,0.22129746046548202,0.1467339648621957,0.1467339648621957,0.1467339648621957,0.1467339648621957,0.1467339648621957
138,0.1614073613484155,0.19452202898708199,0.1614073613484155,0.16140736134841552,0.1614073613484155,0.1614073613484155,0.1614073613484155
139,0.3206137132238985,0.1896627968807017,0.1896627968807017,0.1896627968807017,0.1896627968807017,0.1896627968807017,0.1896627968807017
140,0.5744634724354976,0.2131223594129956,0.2131223594129956,0.2131223594129956,0.2131223594129956,0.2131223594129956,0.2131223594129956
141,0.7013883520412971,0.1923014724761634,0.1923014724761634,0.1923014724761634,0.1923014724761634,0.1923014724761634,0.1923014724761634
142,0.9376300354694341,1.2731162681407442,0.937630035469434,0.9376300354694341,0.9376300354694341,0.937630035469434,0.9376300354694341
143,1.082896660683007,1.2780985187814635,1.082896660683007,1.082896660683007,1.082896660683007,1.082896660683007,1.082896660683007
144,1.170203369776013,1.3617777368829271,1.170203369776013,1.170203369776013,1.170203369776013,1.170203369776013,1.170203369776013
145,1.2729171451795513,1.367467344096094,1.2729171451795513,1.2729171451795513,1.2729171451795513,1.2729171451795513,1.2729171451795513
146,1.1753390585461898,1.1769198546693536,1.1753390585461898,1.1753390585461896,1.1753390585461898,1.1753390585461898,1.1753390585461898
147,1.2956609097331906,1.1779040029440633,1.1779040029440633,1.1779040029440633,1.1779040029440633,1.1779040029440633,1.1779040029440633
148,1.45413359178436,0.6710355568482557,0.6710355568482557,0.6710355568482557,0.6710355568482557,0.6710355568482557,0.6710355568482557
149,1.4952191019457775,0.6562425780940219,0.6562425780940219,0.6562425780940219,0.6562425780940219,0.6562425780940219,0.6562425780940219
150,1.4233194591633,1.088256593999032,1.088256593999032,1.088256593999032,1.088256593999032,1.088256593999032,1.088256593999032
151,1.078494641737142,1.098436377715563,1.0784946417371417,1.078494641737142,1.078494641737142,1.078494641737142,1.078494641737142
152,0.7476095509728896,0.6846022075048006,0.6846022075048006,0.6846022075048006,0.6846022075048006,0.6846022075048006,0.6846022075048006
153,0.5612574155978997,0.6816497626806707,0.5612574155978997,0.5612574155978997,0.5612574155978998,0.5612574155978997,0.5612574155978997
154,0.505498508950265,0.8380016657247205,0.505498508950265,0.505498508950265,0.505498508950265,0.505498508950265,0.505498508950265
155,0.5106341977204422,0.8242543445123659,0.5106341977204422,0.5106341977204422,0.5106341977204422,0.5106341977204422,0.5106341977204423
156,0.5773981517327413,1.04703787594717,0.5773981517327413,0.5773981517327413,0.5773981517327413,0.5773981517327413,0.5773981517327413
157,0.592071548218961,1.1245703072141624,0.592071548218961,0.592071548218961,0.592071548218961,0.592071548218961,0.592071548218961
158,0.45854364019436245,0.9927511902377091,0.45854364019436245,0.4585436401943625,0.45854364019436245,0.4585436401943624,0.45854364019436245
159,0.34629215707478245,0.945942637921819,0.34629215707478245,0.3462921570747825,0.34629215707478245,0.34629215707478245,0.3462921570747825
160,0.2545834290359099,0.5000058247054086,0.2545834290359099,0.25458342903590997,0.25458342903590997,0.2545834290359099,0.2545834290359099
161,0.22450296623915997,0.6115528807170638,0.22450296623915997,0.22450296623916002,0.22450296623916,0.22450296623915997,0.22450296623916
162,0.1929551637937877,0.4579342828163532,0.1929551637937877,0.19295516379378772,0.1929551637937877,0.1929551637937877,0.19295516379378766
163,0.1694777294158361,0.5752017006747607,0.1694777294158361,0.1694777294158361,0.1694777294158361,0.1694777294158361,0.1694777294158361
164,0.137929926970464,0.8276367877121612,0.137929926970464,0.13792992697046402,0.137929926970464,0.137929926970464,0.137929926970464
165,0.0931760676874945,0.7886091576931937,0.0931760676874945,0.09317606768749451,0.0931760676874945,0.0931760676874945,0.09317606768749451
166,0.056492576471945305,0.450807796364651,0.056492576471945305,0.056492576471945305,0.056492576471945305,0.056492576471945305,0.056492576471945305
167,0.022743764553640296,0.5286477739674885,0.022743764553640296,0.022743764553640296,0.022743764553640296,0.022743764553640296,0.0227437645536403
168,0.0,0.9172057752541072,0.0,0.0,0.0,0.0,0.0
169,0.0,0.8070119231201772,0.0,0.0,0.0,0.0,0.0
170,0.0,0.5049240970998359,0.0,0.0,0.0,0.0,0.0
171,0.0,0.4174271645514059,0.0,0.0,0.0,0.0,0.0
172,0.0,0.3569152372416733,0.0,0.0,0.0,0.0,0.0
173,0.0,0.3755217905604083,0.0,0.0,0.0,0.0,0.0
174,0.0,0.38540032802766644,0.0,0.0,0.0,0.0,0.0
175,0.0,0.5769401859930889,0.0,0.0,0.0,0.0,0.0
176,0.0,0.6863813981249872,0.0,0.0,0.0,0.0,0.0
177,0.0,0.5999916323856047,0.0,0.0,0.0,0.0,0.0
178,0.0,0.6846963477519112,0.0,0.0,0.0,0.0,0.0
179,0.0,0.7092077907189037,0.0,0.0,0.0,0.0,0.0
180,0.0,0.6192172128154855,0.0,0.0,0.0,0.0,0.0
181,0.0,0.481497963623263,0.0,0.0,0.0,0.0,0.0
182,0.0,0.3110520042449899,0.0,0.0,0.0,0.0,0.0
183,0.0,0.2227554512233574,0.0,0.0,0.0,0.0,0.0
184,0.0,0.2218503752644719,0.0,0.0,0.0,0.0,0.0
185,0.0,0.1993994927476514,0.0,0.0,0.0,0.0,0.0
186,0.0,0.1853834541549514,0.0,0.0,0.0,0.0,0.0
187,0.0,0.2044205723438719,0.0,0.0,0.0,0.0,0.0
188,0.0,0.1593775571217028,0.0,0.0,0.0,0.0,0.0
189,0.0,0.17097205398312929,0.0,0.0,0.0,0.0,0.0
190,0.0,0.2556898065468579,0.0,0.0,0.0,0.0,0.0
191,0.0,0.34069561377493024,0.0,0.0,0.0,0.0,0.0
192,0.0,0.2647610862432717,0.0,0.0,0.0,0.0,0.0
193,0.0,0.1482010249573132,0.0,0.0,0.0,0.0,0.0
194,0.0,0.4207499249958652,0.0,0.0,0.0,0.0,0.0
195,0.0,0.4093399559359477,0.0,0.0,0.0,0.0,0.0
196,0.0,0.40779155270641376,0.0,0.0,0.0,0.0,0.0
197,0.0,0.3997030840736413,0.0,0.0,0.0,0.0,0.0
198,0.0,0.1569768442730018,0.0,0.0,0.0,0.0,0.0
199,0.0,0.1295437111154623,0.0,0.0,0.0,0.0,0.0
200,0.0,0.14393376818668469,0.0,0.0,0.0,0.0,0.0
201,0.0,0.1500231856364525,0.0,0.0,0.0,0.0,0.0
202,0.0,0.1101826663656012,0.0,0.0,0.0,0.0,0.0
203,0.0,0.1127353009531302,0.0,0.0,0.0,0.0,0.0
204,0.0,0.1244321418538301,0.0,0.0,0.0,0.0,0.0
205,0.0,0.1235402574798741,0.0,0.0,0.0,0.0,0.0
206,0.0,0.14485195853674648,0.0,0.0,0.0,0.0,0.0
207,0.0,0.1372248094077445,0.0,0.0,0.0,0.0,0.0
208,0.0,0.1292041501287157,0.0,0.0,0.0,0.0,0.0
209,0.0,0.1445507122874739,0.0,0.0,0.0,0.0,0.0
210,0.0,0.2332304126838467,0.0,0.0,0.0,0.0,0.0
211,0.0,0.2375975706528722,0.0,0.0,0.0,0.0,0.0
212,0.0,0.2290069477442257,0.0,0.0,0.0,0.0,0.0
213,0.0,0.3192717973152782,0.0,0.0,0.0,0.0,0.0
214,0.0,0.4315254641000929,0.0,0.0,0.0,0.0,0.0
215,0.0,0.43490847379440795,0.0,0.0,0.0,0.0,0.0
216,0.0,0.2215611377765677,0.0,0.0,0.0,0.0,0.0
217,0.0,0.22958809714217068,0.0,0.0,0.0,0.0,0.0
218,0.0,0.16696906593536773,0.0,0.0,0.0,0.0,0.0
219,0.0,0.17468847896512402,0.0,0.0,0.0,0.0,0.0
220,0.0,0.2162405861664172,0.0,0.0,0.0,0.0,0.0
221,0.0,0.1929285739092255,0.0,0.0,0.0,0.0,0.0
222,0.0,0.1944869800835254,0.0,0.0,0.0,0.0,0.0
223,0.0,0.19593244786200562,0.0,0.0,0.0,0.0,0.0
224,0.0,0.15848893858166452,0.0,0.0,0.0,0.0,0.0
225,0.0,0.17589606119059653,0.0,0.0,0.0,0.0,0.0
226,0.0322814722696831,0.19011789349165062,0.0322814722696831,0.0322814722696831,0.0322814722696831,0.0322814722696831,0.0322814722696831
227,0.0608945954178114,0.1856892262554559,0.0608945954178114,0.060894595417811406,0.0608945954178114,0.06089459541781139,0.060894595417811406
228,0.0814373504985186,0.12365571591032341,0.0814373504985186,0.08143735049851861,0.0814373504985186,0.0814373504985186,0.0814373504985186
229,0.0990454262819821,0.1426620794656592,0.09904542628198208,0.09904542628198211,0.0990454262819821,0.0990454262819821,0.0990454262819821
230,0.1122514831195799,0.2286909411176949,0.11225148311957989,0.11225148311957991,0.11225148311957991,0.11225148311957989,0.11225148311957989
231,0.1283922192544214,0.2381941228953629,0.1283922192544214,0.1283922192544214,0.12839221925442143,0.1283922192544214,0.1283922192544214
232,0.137929926970464,0.25229486528492767,0.137929926970464,0.13792992697046402,0.137929926970464,0.137929926970464,0.137929926970464
233,0.1496686441594399,0.2563852315516909,0.1496686441594399,0.1496686441594399,0.1496686441594399,0.1496686441594399,0.1496686441594399
234,0.1621410311727267,0.2540792254446203,0.1621410311727267,0.1621410311727267,0.1621410311727267,0.1621410311727267,0.16214103117272674
235,0.32721674164269715,0.27351615387014183,0.27351615387014183,0.27351615387014183,0.27351615387014183,0.27351615387014183,0.27351615387014183
236,0.5663931043680765,0.2379067368365543,0.2379067368365543,0.2379067368365543,0.2379067368365543,0.2379067368365543,0.2379067368365543
237,0.7131270692302712,0.1583752543865571,0.1583752543865571,0.1583752543865571,0.1583752543865571,0.1583752543865571,0.1583752543865571
238,0.9523034319556527,1.4997453710981574,0.9523034319556527,0.9523034319556527,0.9523034319556527,0.9523034319556528,0.9523034319556527
239,1.0946353778719837,1.5169679659055801,1.0946353778719837,1.0946353778719837,1.094635377871984,1.0946353778719837,1.0946353778719837
240,1.1841430964379223,1.50440430428251,1.1841430964379223,1.184143096437922,1.1841430964379223,1.1841430964379223,1.1841430964379223
241,1.2751181546524841,1.4895498162611074,1.2751181546524841,1.2751181546524841,1.2751181546524841,1.2751181546524841,1.2751181546524841
242,1.1694696999517011,1.346277375418,1.169469699951701,1.1694696999517014,1.1694696999517014,1.1694696999517011,1.1694696999517014
243,1.2919925606116374,1.3465234124866776,1.2919925606116371,1.2919925606116374,1.2919925606116374,1.2919925606116371,1.2919925606116371
244,1.45193258231143,0.8025704502678201,0.8025704502678201,0.8025704502678201,0.8025704502678201,0.8025704502678201,0.8025704502678201
245,1.5018221303645776,0.8224994528306977,0.8224994528306977,0.8224994528306977,0.8224994528306977,0.8224994528306977,0.8224994528306977
246,1.433590836703655,1.0257428554449537,1.0257428554449537,1.0257428554449537,1.0257428554449537,1.0257428554449537,1.0257428554449537
247,1.0748262926155863,1.0167009931710562,1.0167009931710562,1.0167009931710562,1.0167009931710562,1.0167009931710562,1.0167009931710562
248,0.7762226741210172,0.8946788808123655,0.7762226741210172,0.7762226741210172,0.7762226741210172,0.7762226741210172,0.7762226741210172
249,0.5781318215570526,0.8793938279207755,0.5781318215570526,0.5781318215570526,0.5781318215570527,0.5781318215570526,0.5781318215570526
250,0.5143025468419968,0.8452863478635793,0.5143025468419968,0.5143025468419968,0.5143025468419968,0.5143025468419968,0.5143025468419968
251,0.518704565787863,0.6560223327834227,0.518704565787863,0.5187045657878631,0.518704565787863,0.518704565787863,0.518704565787863
252,0.5810665008542962,0.8194805620021366,0.5810665008542962,0.5810665008542962,0.5810665008542963,0.5810665008542962,0.5810665008542962
253,0.6067449447051811,0.8369799485118228,0.6067449447051811,0.6067449447051811,0.6067449447051813,0.6067449447051811,0.6067449447051811
254,0.4739507065048929,0.429461149736221,0.429461149736221,0.429461149736221,0.429461149736221,0.429461149736221,0.429461149736221
255,0.35289518549358123,0.4180511806763025,0.35289518549358123,0.35289518549358123,0.3528951854935813,0.35289518549358123,0.35289518549358123
256,0.2560507686845322,0.2443704043461047,0.2443704043461047,0.2443704043461047,0.2443704043461047,0.2443704043461047,0.2443704043461047
257,0.22376929641484888,0.21300067808972542,0.21300067808972542,0.21300067808972542,0.21300067808972542,0.21300067808972542,0.21300067808972542
258,0.1958898430910317,0.4893989735338694,0.1958898430910317,0.1958898430910317,0.19588984309103166,0.1958898430910317,0.1958898430910317
259,0.1724124087130802,0.5098815595012699,0.17241240871308017,0.1724124087130802,0.17241240871308022,0.1724124087130802,0.17241240871308022
260,0.1415982760920192,0.1442903008103055,0.1415982760920192,0.1415982760920192,0.1415982760920192,0.14159827609201917,0.1415982760920192
261,0.0990454262819821,0.156192344007579,0.0990454262819821,0.09904542628198211,0.0990454262819821,0.0990454262819821,0.0990454262819821
262,0.0608945954178114,0.19076752084887402,0.0608945954178114,0.060894595417811406,0.0608945954178114,0.06089459541781139,0.06089459541781139
263,0.0271457834995062,0.1681013558969605,0.027145783499506197,0.0271457834995062,0.027145783499506203,0.0271457834995062,0.0271457834995062
264,0.0,0.583750640901001,0.0,0.0,0.0,0.0,0.0
265,0.0,0.5818746082523352,0.0,0.0,0.0,0.0,0.0
266,0.0,0.1503081288543847,0.0,0.0,0.0,0.0,0.0
267,0.0,0.1704524138523537,0.0,0.0,0.0,0.0,0.0
268,0.0,0.1230733064950635,0.0,0.0,0.0,0.0,0.0
269,0.0,0.12482632060939051,0.0,0.0,0.0,0.0,0.0
270,0.0,0.1417043143608085,0.0,0.0,0.0,0.0,0.0
271,0.0,0.1114725095470625,0.0,0.0,0.0,0.0,0.0
272,0.0,0.2549720871991239,0.0,0.0,0.0,0.0,0.0
273,0.0,0.2600773563741816,0.0,0.0,0.0,0.0,0.0
274,0.0,0.2298995007237156,0.0,0.0,0.0,0.0,0.0
275,0.0,0.2653288386132736,0.0,0.0,0.0,0.0,0.0
276,0.0,0.47992392302315595,0.0,0.0,0.0,0.0,0.0
277,0.0,0.471189607085106,0.0,0.0,0.0,0.0,0.0
278,0.0,0.39757510023849024,0.0,0.0,0.0,0.0,0.0
279,0.0,0.3706647958518902,0.0,0.0,0.0,0.0,0.0
280,0.0,0.3155592295789816,0.0,0.0,0.0,0.0,0.0
281,0.0,0.3300754166309534,0.0,0.0,0.0,0.0,0.0
282,0.0,0.28903924670224446,0.0,0.0,0.0,0.0,0.0
283,0.0,0.4489325867090254,0.0,0.0,0.0,0.0,0.0
284,0.0,0.5175529885410615,0.0,0.0,0.0,0.0,0.0
285,0.0,0.721794510176959,0.0,0.0,0.0,0.0,0.0
286,0.0,0.3851041990414069,0.0,0.0,0.0,0.0,0.0
287,0.0,0.31729023198717515,0.0,0.0,0.0,0.0,0.0
288,0.0,0.41468149081617744,0.0,0.0,0.0,0.0,0.0
289,0.0,1.3220662000987435,0.0,0.0,0.0,0.0,0.0
290,0.0,1.488411147798201,0.0,0.0,0.0,0.0,0.0
291,0.0,1.0681183252298858,0.0,0.0,0.0,0.0,0.0
292,0.0,1.0205435043027593,0.0,0.0,0.0,0.0,0.0
293,0.0,1.4606423108996118,0.0,0.0,0.0,0.0,0.0
294,0.0,0.7028724905879672,0.0,0.0,0.0,0.0,0.0
295,0.0,0.7321509017605872,0.0,0.0,0.0,0.0,0.0
296,0.0,0.6376711757898567,0.0,0.0,0.0,0.0,0.0
297,0.0,0.6277681837755891,0.0,0.0,0.0,0.0,0.0
298,0.0,0.6231417971529569,0.0,0.0,0.0,0.0,0.0
299,0.0,0.6222806674125844,0.0,0.0,0.0,0.0,0.0
300,0.0,0.5985995223586242,0.0,0.0,0.0,0.0,0.0
301,0.0,0.5894653961839716,0.0,0.0,0.0,0.0,0.0
302,0.0,0.6100497347788669,0.0,0.0,0.0,0.0,0.0
303,0.0,0.6203832916633194,0.0,0.0,0.0,0.0,0.0
304,0.0,0.6955522191892787,0.0,0.0,0.0,0.0,0.0
305,0.0,0.7053014380356237,0.0,0.0,0.0,0.0,0.0
306,0.0,0.7075345947196907,0.0,0.0,0.0,0.0,0.0
307,0.0,0.6852067307372083,0.0,0.0,0.0,0.0,0.0
308,0.0,0.6953300452558298,0.0,0.0,0.0,0.0,0.0
309,0.0,0.7026804026825697,0.0,0.0,0.0,0.0,0.0
310,0.0,0.9535629466079731,0.0,0.0,0.0,0.0,0.0
311,0.0,0.9558080348596529,0.0,0.0,0.0,0.0,0.0
312,0.0,0.6524692718071038,0.0,0.0,0.0,0.0,0.0
313,0.0,0.6517619152346562,0.0,0.0,0.0,0.0,0.0
314,0.0,0.7011520825363194,0.0,0.0,0.0,0.0,0.0
315,0.0,0.7147148759471669,0.0,0.0,0.0,0.0,0.0
316,0.0,0.6498783224821015,0.0,0.0,0.0,0.0,0.0
317,0.0,0.6504319058866266,0.0,0.0,0.0,0.0,0.0
318,0.0,0.6401780899235301,0.0,0.0,0.0,0.0,0.0
319,0.0,0.6472824102815926,0.0,0.0,0.0,0.0,0.0
320,0.0,0.6423446972711679,0.0,0.0,0.0,0.0,0.0
321,0.0,0.628781903860323,0.0,0.0,0.0,0.0,0.0
322,0.050623217877457494,0.6385681002330733,0.05062321787745749,0.050623217877457494,0.050623217877457494,0.050623217877457494,0.050623217877457494
323,0.0953770771604273,0.6937111582504158,0.09537707716042731,0.09537707716042731,0.09537707716042731,0.0953770771604273,0.09537707716042731
324,0.11665350206544589,0.9153002218509235,0.11665350206544589,0.1166535020654459,0.11665350206544589,0.11665350206544589,0.11665350206544589
325,0.12912588907873251,0.7386763611740734,0.12912588907873251,0.12912588907873251,0.12912588907873251,0.12912588907873251,0.12912588907873251
326,0.1430656157406412,0.5869248475515655,0.1430656157406412,0.1430656157406412,0.1430656157406412,0.1430656157406412,0.1430656157406412
327,0.1614073613484155,0.639915081217978,0.16140736134841546,0.16140736134841552,0.1614073613484155,0.1614073613484155,0.1614073613484155
328,0.17974910695618992,0.5298667735425497,0.17974910695618992,0.17974910695618992,0.17974910695618992,0.17974910695618992,0.1797491069561899
329,0.1885531448479219,0.5072928724913897,0.1885531448479219,0.1885531448479219,0.18855314484792193,0.1885531448479219,0.1885531448479219
330,0.1834174560777449,0.5197334560791624,0.1834174560777449,0.1834174560777449,0.1834174560777449,0.1834174560777449,0.1834174560777449
331,0.3389554588316729,0.5310819158719123,0.33895545883167294,0.3389554588316729,0.3389554588316729,0.3389554588316729,0.3389554588316729
332,0.5707951233139424,0.47757062766990194,0.47757062766990194,0.47757062766990194,0.47757062766990194,0.47757062766990194,0.47757062766990194
333,0.7182627580004479,0.5805678955450143,0.5805678955450143,0.5805678955450143,0.5805678955450143,0.5805678955450143,0.5805678955450143
334,0.9552381112528967,0.9117963799646265,0.9117963799646265,0.9117963799646265,0.9117963799646265,0.9117963799646265,0.9117963799646265
335,1.0946353778719837,0.885562677516889,0.885562677516889,0.885562677516889,0.885562677516889,0.885562677516889,0.885562677516889
336,1.1973491532755198,1.4258294028928158,1.19734915327552,1.1973491532755198,1.1973491532755198,1.1973491532755198,1.19734915327552
337,1.2905252209630167,1.6280103640785382,1.2905252209630167,1.2905252209630167,1.2905252209630167,1.2905252209630167,1.290525220963017
338,1.1511279543439297,1.389064424174186,1.1511279543439297,1.1511279543439297,1.1511279543439297,1.1511279543439297,1.1511279543439297
339,1.2663141167607512,1.2380899279069635,1.2380899279069635,1.2380899279069635,1.2380899279069635,1.2380899279069635,1.2380899279069635
340,1.4086460626770827,1.0782249768866454,1.0782249768866454,1.0782249768866454,1.0782249768866454,1.0782249768866454,1.0782249768866454
341,1.4798120356352475,1.341669168173063,1.341669168173063,1.341669168173063,1.341669168173063,1.341669168173063,1.341669168173063
342,1.4578019409059175,1.6986840750318732,1.4578019409059175,1.4578019409059175,1.4578019409059177,1.4578019409059175,1.4578019409059173
343,1.0638212452509213,1.3347337411907032,1.0638212452509213,1.0638212452509213,1.0638212452509213,1.0638212452509213,1.0638212452509213
344,0.7879613913099915,1.1455293067548677,0.7879613913099915,0.7879613913099917,0.7879613913099915,0.7879613913099915,0.7879613913099915
345,0.593538887867583,0.9092107022901427,0.593538887867583,0.5935388878675831,0.593538887867583,0.593538887867583,0.593538887867583
346,0.5157698864906186,1.036585131635828,0.5157698864906186,0.5157698864906187,0.5157698864906186,0.5157698864906186,0.5157698864906185
347,0.5084331882475093,0.9486268795836282,0.5084331882475093,0.5084331882475093,0.5084331882475093,0.5084331882475093,0.5084331882475093
348,0.5685941138410097,0.6839951119612707,0.5685941138410097,0.5685941138410097,0.5685941138410097,0.5685941138410097,0.5685941138410098
349,0.592071548218961,0.6226396179598227,0.592071548218961,0.5920715482189609,0.592071548218961,0.5920715482189609,0.5920715482189609
350,0.46001097984298467,0.4732014900225196,0.46001097984298467,0.46001097984298467,0.46001097984298467,0.46001097984298467,0.46001097984298467
351,0.34996050619633773,0.5772751700730964,0.3499605061963378,0.34996050619633773,0.34996050619633773,0.3499605061963378,0.34996050619633773
352,0.2589854479817757,0.5060093293965027,0.2589854479817757,0.2589854479817757,0.2589854479817757,0.2589854479817757,0.2589854479817757
353,0.2281713153607147,0.9989753511254301,0.2281713153607147,0.2281713153607147,0.22817131536071472,0.2281713153607147,0.2281713153607147
354,0.19735718273965358,0.8944032968509242,0.19735718273965358,0.19735718273965358,0.19735718273965358,0.19735718273965358,0.19735718273965355
355,0.1753470880103242,0.9274645279544618,0.1753470880103242,0.1753470880103242,0.1753470880103242,0.1753470880103242,0.1753470880103242
356,0.14526662521357392,1.2532623250395007,0.14526662521357392,0.14526662521357392,0.14526662521357392,0.14526662521357392,0.14526662521357392
357,0.1012464357549154,0.8536981255072656,0.10124643575491539,0.10124643575491542,0.1012464357549154,0.1012464357549154,0.1012464357549154
358,0.0630956048907444,0.5827244999478869,0.0630956048907444,0.06309560489074441,0.0630956048907444,0.0630956048907444,0.0630956048907444
359,0.030814132621060995,0.6725587846487519,0.030814132621060995,0.030814132621060995,0.030814132621061,0.030814132621060995,0.030814132621060995
360,0.0,0.7999719147006816,0.0,0.0,0.0,0.0,0.0
361,0.0,0.8824865966083917,0.0,0.0,0.0,0.0,0.0
362,0.0,0.7153599774531579,0.0,0.0,0.0,0.0,0.0
363,0.0,0.673718203579493,0.0,0.0,0.0,0.0,0.0
364,0.0,0.6915037933244252,0.0,0.0,0.0,0.0,0.0
365,0.0,0.6821851393482652,0.0,0.0,0.0,0.0,0.0
366,0.0,0.9908012274534924,0.0,0.0,0.0,0.0,0.0
367,0.0,0.8959231828447375,0.0,0.0,0.0,0.0,0.0
368,0.0,0.5838727331102986,0.0,0.0,0.0,0.0,0.0
369,0.0,0.5141827334074012,0.0,0.0,0.0,0.0,0.0
370,0.0,0.42937019690829004,0.0,0.0,0.0,0.0,0.0
371,0.0,0.43828904064784746,0.0,0.0,0.0,0.0,0.0
372,0.0,0.33689042230735816,0.0,0.0,0.0,0.0,0.0
373,0.0,0.2461950078661202,0.0,0.0,0.0,0.0,0.0
374,0.0,0.2498046401513627,0.0,0.0,0.0,0.0,0.0
375,0.0,0.2455297460830915,0.0,0.0,0.0,0.0,0.0
376,0.0,0.3065997826485795,0.0,0.0,0.0,0.0,0.0
377,0.0,0.2962969803977097,0.0,0.0,0.0,0.0,0.0
378,0.0,0.2914452312014651,0.0,0.0,0.0,0.0,0.0
379,0.0,0.3080219787036106,0.0,0.0,0.0,0.0,0.0
380,0.0,0.23494948352442488,0.0,0.0,0.0,0.0,0.0
381,0.0,0.2410696556077774,0.0,0.0,0.0,0.0,0.0
382,0.0,0.1902841896389697,0.0,0.0,0.0,0.0,0.0
383,0.0,0.3200994979999279,0.0,0.0,0.0,0.0,0.0
384,0.0,0.339530717750655,0.0,0.0,0.0,0.0,0.0
385,0.0,0.4363155496416625,0.0,0.0,0.0,0.0,0.0
386,0.0,0.6343284866496197,0.0,0.0,0.0,0.0,0.0
387,0.0,0.8221162793177097,0.0,0.0,0.0,0.0,0.0
388,0.0,0.6895945632012996,0.0,0.0,0.0,0.0,0.0
389,0.0,0.7066941394743846,0.0,0.0,0.0,0.0,0.0
390,0.0,0.6446192801391215,0.0,0.0,0.0,0.0,0.0
391,0.0,0.643235321627809,0.0,0.0,0.0,0.0,0.0
392,0.0,0.6495939706759489,0.0,0.0,0.0,0.0,0.0
393,0.0,0.6368000431047215,0.0,0.0,0.0,0.0,0.0
394,0.0,0.6078058293507458,0.0,0.0,0.0,0.0,0.0
395,0.0,0.5961190685885658,0.0,0.0,0.0,0.0,0.0
396,0.0,0.6072905606836956,0.0,0.0,0.0,0.0,0.0
397,0.0,0.6291878597959906,0.0,0.0,0.0,0.0,0.0
398,0.0,0.5965671965074058,0.0,0.0,0.0,0.0,0.0
399,0.0,0.5945066360572308,0.0,0.0,0.0,0.0,0.0
400,0.0,0.589861426368629,0.0,0.0,0.0,0.0,0.0
401,0.0,0.5896153892999515,0.0,0.0,0.0,0.0,0.0
402,0.0,0.6475271101392029,0.0,0.0,0.0,0.0,0.0
403,0.0,0.635686576209098,0.0,0.0,0.0,0.0,0.0
404,0.0,0.637278925657147,0.0,0.0,0.0,0.0,0.0
405,0.0,0.6394932592752446,0.0,0.0,0.0,0.0,0.0
406,0.0,0.6499416831783661,0.0,0.0,0.0,0.0,0.0
407,0.0,0.6597524112918811,0.0,0.0,0.0,0.0,0.0
408,0.0,0.7151875356067717,0.0,0.0,0.0,0.0,0.0
409,0.0,0.7251520368882092,0.0,0.0,0.0,0.0,0.0
410,0.0,0.9791156756531181,0.0,0.0,0.0,0.0,0.0
411,0.0,0.955188570724233,0.0,0.0,0.0,0.0,0.0
412,0.0,0.659773162980701,0.0,0.0,0.0,0.0,0.0
413,0.0,0.6419354755015836,0.0,0.0,0.0,0.0,0.0
414,0.0,0.85732331502456,0.0,0.0,0.0,0.0,0.0
415,0.0,0.8852485223194526,0.0,0.0,0.0,0.0,0.0
416,0.0,0.6423553688214694,0.0,0.0,0.0,0.0,0.0
417,0.0,0.6492444067444368,0.0,0.0,0.0,0.0,0.0
418,0.0432865196343477,0.6610134284626065,0.0432865196343477,0.04328651963434771,0.0432865196343477,0.04328651963434771,0.0432865196343477
419,0.073366982431098,0.6432372502506589,0.073366982431098,0.07336698243109802,0.073366982431098,0.073366982431098,0.073366982431098
420,0.09611074698473851,0.6277186060760347,0.09611074698473851,0.09611074698473851,0.09611074698473852,0.09611074698473851,0.09611074698473852
421,0.11518616241682379,0.6068977191392022,0.11518616241682379,0.1151861624168238,0.11518616241682379,0.11518616241682378,0.11518616241682379
422,0.1364625873218421,0.617217493026947,0.1364625873218421,0.1364625873218421,0.1364625873218421,0.1364625873218421,0.13646258732184208
423,0.1621410311727267,0.6745748846623845,0.1621410311727267,0.16214103117272674,0.1621410311727267,0.1621410311727267,0.1621410311727267
424,0.1826837862534339,0.8052731800823424,0.1826837862534339,0.1826837862534339,0.1826837862534339,0.1826837862534339,0.1826837862534339
425,0.1958898430910317,0.8426708145213199,0.1958898430910317,0.1958898430910317,0.1958898430910317,0.1958898430910317,0.19588984309103166
426,0.22010094729329394,0.6357743142586191,0.22010094729329394,0.22010094729329394,0.2201009472932939,0.22010094729329394,0.22010094729329394
427,0.35069417602064845,0.33582437290718153,0.33582437290718153,0.33582437290718153,0.33582437290718153,0.33582437290718153,0.33582437290718153
428,0.6052776050565595,0.1855190728624394,0.1855190728624394,0.1855190728624394,0.1855190728624394,0.1855190728624394,0.1855190728624394
429,0.7498105604458222,0.1412324005004919,0.1412324005004919,0.1412324005004919,0.1412324005004919,0.1412324005004919,0.1412324005004919
430,0.9559717810772085,0.5340585587445312,0.5340585587445312,0.5340585587445312,0.5340585587445312,0.5340585587445312,0.5340585587445312
431,1.099771066642158,0.5456530556059577,0.5456530556059577,0.5456530556059577,0.5456530556059577,0.5456530556059577,0.5456530556059577
432,1.1760727283704986,0.5125309066470327,0.5125309066470327,0.5125309066470327,0.5125309066470327,0.5125309066470327,0.5125309066470327
433,1.2516407202745308,0.5304608580269043,0.5304608580269043,0.5304608580269043,0.5304608580269043,0.5304608580269043,0.5304608580269043
434,1.1452585957494412,0.556955717751098,0.556955717751098,0.556955717751098,0.556955717751098,0.556955717751098,0.556955717751098
435,1.2332989746667566,0.54062500731763,0.54062500731763,0.54062500731763,0.54062500731763,0.54062500731763,0.54062500731763
436,1.3822339490018876,0.5543980430943075,0.5543980430943075,0.5543980430943075,0.5543980430943075,0.5543980430943075,0.5543980430943075
437,1.4497315728384974,0.5201066266473833,0.5201066266473833,0.5201066266473833,0.5201066266473833,0.5201066266473833,0.5201066266473833
438,1.4379928556495225,0.575547305249561,0.575547305249561,0.575547305249561,0.575547305249561,0.575547305249561,0.575547305249561
439,1.0887660192774955,0.5812061578291432,0.5812061578291432,0.5812061578291432,0.5812061578291432,0.5812061578291432,0.5812061578291432
440,0.7938307499044797,0.5990382910209726,0.5990382910209726,0.5990382910209726,0.5990382910209726,0.5990382910209726,0.5990382910209726
441,0.6258203601372677,0.6226270949804267,0.6226270949804267,0.6226270949804267,0.6226270949804267,0.6226270949804267,0.6226270949804267
442,0.5553880570034119,0.6303333164252531,0.5553880570034119,0.5553880570034118,0.5553880570034119,0.5553880570034119,0.5553880570034119
443,0.5355789717470154,0.6346082104935243,0.5355789717470154,0.5355789717470153,0.5355789717470154,0.5355789717470154,0.5355789717470154
444,0.5803328310299852,0.6736634836996656,0.5803328310299851,0.5803328310299853,0.5803328310299853,0.5803328310299851,0.5803328310299852
445,0.5979409068134487,0.6377728263063371,0.5979409068134487,0.5979409068134487,0.5979409068134488,0.5979409068134487,0.5979409068134487
446,0.4680813479104054,0.6212054131434233,0.46808134791040534,0.46808134791040534,0.46808134791040534,0.4680813479104054,0.46808134791040534
447,0.3426238079532277,0.6181299497849544,0.3426238079532277,0.3426238079532277,0.3426238079532278,0.34262380795322767,0.3426238079532278
448,0.2736588444679957,0.5918792757003417,0.2736588444679957,0.2736588444679957,0.27365884446799577,0.2736588444679957,0.2736588444679957
449,0.23917636272537943,0.616821283537522,0.23917636272537943,0.23917636272537943,0.23917636272537945,0.23917636272537945,0.23917636272537943
450,0.2090958999286295,0.7256105026650752,0.20909589992862948,0.20909589992862954,0.20909589992862948,0.2090958999286295,0.2090958999286295
451,0.1834174560777449,0.8771693369704068,0.1834174560777449,0.1834174560777449,0.1834174560777449,0.1834174560777449,0.18341745607774487
452,0.1511359838080617,0.5970519421221322,0.1511359838080617,0.1511359838080617,0.1511359838080617,0.1511359838080617,0.15113598380806167
453,0.10198010557922618,0.6053249385564122,0.10198010557922618,0.1019801055792262,0.10198010557922618,0.10198010557922618,0.10198010557922618
454,0.060160925593500204,0.8048255925197749,0.0601609255935002,0.060160925593500204,0.06016092559350022,0.060160925593500204,0.06016092559350021
455,0.0286131231481281,0.8134676445570724,0.0286131231481281,0.0286131231481281,0.028613123148128104,0.0286131231481281,0.028613123148128104
456,0.0007336698243108,0.8073781499135494,0.0007336698243107999,0.0007336698243108001,0.0007336698243107999,0.0007336698243108,0.0007336698243108
457,0.0,0.8231552769424945,0.0,0.0,0.0,0.0,0.0
458,0.0,0.6620302599937516,0.0,0.0,0.0,0.0,0.0
459,0.0,0.6568327269179391,0.0,0.0,0.0,0.0,0.0
460,0.0,0.8511631050238986,0.0,0.0,0.0,0.0,0.0
461,0.0,0.680105833025876,0.0,0.0,0.0,0.0,0.0
462,0.0,0.4823510962354707,0.0,0.0,0.0,0.0,0.0
463,0.0,0.4875486293112832,0.0,0.0,0.0,0.0,0.0
464,0.0,0.4232004471253804,0.0,0.0,0.0,0.0,0.0
465,0.0,0.9580235251630654,0.0,0.0,0.0,0.0,0.0
466,0.0,1.1214302219211296,0.0,0.0,0.0,0.0,0.0
467,0.0,0.6486392398237567,0.0,0.0,0.0,0.0,0.0
468,0.0,0.49438148067310883,0.0,0.0,0.0,0.0,0.0
469,0.0,0.5323326985166114,0.0,0.0,0.0,0.0,0.0
470,0.0,0.5159498903489587,0.0,0.0,0.0,0.0,0.0
471,0.0,1.1009645303968487,0.0,0.0,0.0,0.0,0.0
472,0.0,0.76893683761105,0.0,0.0,0.0,0.0,0.0
473,0.0,0.54467404951152,0.0,0.0,0.0,0.0,0.0
474,0.0,0.5983736455669856,0.0,0.0,0.0,0.0,0.0
475,0.0,0.49291600700509813,0.0,0.0,0.0,0.0,0.0
476,0.0,0.5956273032262223,0.0,0.0,0.0,0.0,0.0
477,0.0,0.5516789318337072,0.0,0.0,0.0,0.0,0.0
478,0.0,0.5779208629908682,0.0,0.0,0.0,0.0,0.0
479,0.0,0.5835797155704506,0.0,0.0,0.0,0.0,0.0
480,0.0,0.511802617860013,0.0,0.0,0.0,0.0,0.0
481,0.0,0.4801560999013705,0.0,0.0,0.0,0.0,0.0
482,0.0,0.43140807704679546,0.0,0.0,0.0,0.0,0.0
483,0.0,0.40997209743826796,0.0,0.0,0.0,0.0,0.0
484,0.0,0.3045665566105662,0.0,0.0,0.0,0.0,0.0
485,0.0,0.1727214424330187,0.0,0.0,0.0,0.0,0.0
486,0.0,0.1971275071080829,0.0,0.0,0.0,0.0,0.0
487,0.0,0.20152541971069288,0.0,0.0,0.0,0.0,0.0
488,0.0,0.1528601720301329,0.0,0.0,0.0,0.0,0.0
489,0.0,0.1613484508995061,0.0,0.0,0.0,0.0,0.0
490,0.0,0.1575059731305158,0.0,0.0,0.0,0.0,0.0
491,0.0,0.1571369175274996,0.0,0.0,0.0,0.0,0.0
492,0.0,0.1729454677955627,0.0,0.0,0.0,0.0,0.0
493,0.0,0.1576911695375585,0.0,0.0,0.0,0.0,0.0
494,0.0,0.13644468060604661,0.0,0.0,0.0,0.0,0.0
495,0.0,0.1369367547434016,0.0,0.0,0.0,0.0,0.0
496,0.0,0.1274793706133437,0.0,0.0,0.0,0.0,0.0
497,0.0,0.13719783482610448,0.0,0.0,0.0,0.0,0.0
498,0.0,0.1371771603310386,0.0,0.0,0.0,0.0,0.0
499,0.0,0.1471724162460616,0.0,0.0,0.0,0.0,0.0
500,0.0,0.2207232025658919,0.0,0.0,0.0,0.0,0.0
501,0.0,0.2010094824381084,0.0,0.0,0.0,0.0,0.0
502,0.0,0.16950598890333687,0.0,0.0,0.0,0.0,0.0
503,0.0,0.1655386411709124,0.0,0.0,0.0,0.0,0.0
504,0.0,0.1555063305357304,0.0,0.0,0.0,0.0,0.0
505,0.0,0.1640868733058579,0.0,0.0,0.0,0.0,0.0
506,0.0,0.15433076296115741,0.0,0.0,0.0,0.0,0.0
507,0.0,0.1634648891358092,0.0,0.0,0.0,0.0,0.0
508,0.0,0.15204357992005668,0.0,0.0,0.0,0.0,0.0
509,0.0,0.1466307644091519,0.0,0.0,0.0,0.0,0.0
510,0.0,0.1830103844934247,0.0,0.0,0.0,0.0,0.0
511,0.0,0.1564998903434257,0.0,0.0,0.0,0.0,0.0
512,0.0,0.14384780437250488,0.0,0.0,0.0,0.0,0.0
513,0.0,0.1656835942176319,0.0,0.0,0.0,0.0,0.0
514,0.033748811918305,0.1467720145976799,0.03374881191830499,0.033748811918305,0.033748811918305005,0.033748811918305,0.033748811918305
515,0.0608945954178114,0.1613497109168209,0.0608945954178114,0.060894595417811406,0.060894595417811406,0.06089459541781139,0.06089459541781139
516,0.0975780866333603,0.1724383506441819,0.09757808663336029,0.0975780866333603,0.0975780866333603,0.0975780866333603,0.09757808663336029
517,0.140130936443397,0.1913524502987637,0.140130936443397,0.14013093644339703,0.140130936443397,0.140130936443397,0.14013093644339703
518,0.1694777294158361,0.2099237231326818,0.1694777294158361,0.1694777294158361,0.16947772941583608,0.1694777294158361,0.1694777294158361
519,0.2134979188744954,0.2915772753000223,0.2134979188744954,0.2134979188744954,0.21349791887449543,0.2134979188744954,0.21349791887449537
520,0.2465130609684894,0.3944013555294607,0.2465130609684894,0.2465130609684894,0.2465130609684894,0.2465130609684894,0.24651306096848943
521,0.2553170988602212,0.3873585444385682,0.2553170988602212,0.2553170988602212,0.25531709886022125,0.2553170988602212,0.2553170988602212
522,0.2531160893872882,0.43026696696399835,0.2531160893872882,0.2531160893872882,0.25311608938728825,0.2531160893872882,0.2531160893872882
523,0.39251335600637444,0.49540528089636093,0.3925133560063744,0.3925133560063744,0.39251335600637444,0.3925133560063744,0.3925133560063744
524,0.6170163222455326,0.6589118788528223,0.6170163222455325,0.6170163222455325,0.6170163222455327,0.6170163222455325,0.6170163222455326
525,0.7461422113242691,0.6594347076237623,0.6594347076237623,0.6594347076237623,0.6594347076237623,0.6594347076237623,0.6594347076237623
526,0.901680214078195,1.0857515562117177,0.901680214078195,0.901680214078195,0.901680214078195,0.9016802140781951,0.901680214078195
527,1.1841430964379223,1.0454937408493628,1.0454937408493628,1.0454937408493628,1.0454937408493628,1.0454937408493628,1.0454937408493628
528,1.2538417297474658,1.3117485353596006,1.253841729747466,1.2538417297474658,1.2538417297474658,1.253841729747466,1.2538417297474658
529,1.3198720139354532,1.7427439704153858,1.3198720139354534,1.319872013935453,1.319872013935453,1.3198720139354534,1.3198720139354532
530,1.242836682382801,1.3394716518043328,1.242836682382801,1.242836682382801,1.242836682382801,1.242836682382801,1.242836682382801
531,1.3602238542725575,1.2354594810209254,1.2354594810209254,1.2354594810209254,1.2354594810209254,1.2354594810209254,1.2354594810209254
532,1.441661204771075,1.0354640274425657,1.0354640274425657,1.0354640274425657,1.0354640274425657,1.0354640274425657,1.0354640274425657
533,1.4746763468650677,0.9371722185059107,0.9371722185059107,0.9371722185059107,0.9371722185059107,0.9371722185059107,0.9371722185059107
534,1.4497315728384974,0.8879905193347346,0.8879905193347346,0.8879905193347346,0.8879905193347346,0.8879905193347346,0.8879905193347346
535,1.0740926227912746,0.8827929862589248,0.8827929862589248,0.8827929862589248,0.8827929862589248,0.8827929862589248,0.8827929862589248
536,0.8994792046052624,0.8776143534428362,0.8776143534428362,0.8776143534428362,0.8776143534428362,0.8776143534428362,0.8776143534428362
537,0.6713078892445462,0.9256530911021161,0.6713078892445462,0.6713078892445462,0.6713078892445463,0.6713078892445462,0.6713078892445462
538,0.6170163222455326,0.9466956377543687,0.6170163222455326,0.6170163222455327,0.6170163222455326,0.6170163222455326,0.6170163222455326
539,0.6192173317184677,0.9863383604450262,0.6192173317184677,0.6192173317184677,0.6192173317184677,0.6192173317184677,0.6192173317184677
540,0.7211974372976948,0.997163322861303,0.7211974372976948,0.7211974372976948,0.7211974372976947,0.7211974372976948,0.7211974372976948
541,0.593538887867583,0.7403621324291776,0.5935388878675829,0.5935388878675829,0.5935388878675831,0.5935388878675831,0.5935388878675829
542,0.5751971422598084,0.7653104403529318,0.5751971422598083,0.5751971422598084,0.5751971422598086,0.5751971422598084,0.5751971422598086
543,0.505498508950265,0.7573449902544982,0.505498508950265,0.505498508950265,0.505498508950265,0.505498508950265,0.505498508950265
544,0.43433253599210014,0.7540008867094385,0.43433253599210014,0.4343325359921002,0.4343325359921001,0.4343325359921001,0.43433253599210014
545,0.3675685819798009,0.7587986095486495,0.3675685819798009,0.3675685819798009,0.3675685819798009,0.3675685819798009,0.3675685819798009
546,0.3455584872504716,0.7125423034262144,0.34555848725047156,0.34555848725047167,0.34555848725047167,0.3455584872504716,0.3455584872504716
547,0.2083622301043182,0.732163759653244,0.2083622301043182,0.20836223010431823,0.2083622301043182,0.2083622301043182,0.20836223010431823
548,0.148201304510818,0.7339393768854849,0.14820130451081798,0.148201304510818,0.148201304510818,0.148201304510818,0.14820130451081798
549,0.1276585494301104,0.7084745402773652,0.1276585494301104,0.1276585494301104,0.1276585494301104,0.1276585494301104,0.1276585494301104
550,0.0674976238366099,0.416421981951109,0.0674976238366099,0.0674976238366099,0.0674976238366099,0.0674976238366099,0.0674976238366099
551,0.0271457834995062,0.3783785002068527,0.027145783499506197,0.0271457834995062,0.027145783499506203,0.0271457834995062,0.0271457834995062
552,0.0,0.5422038564057339,0.0,0.0,0.0,0.0,0.0
553,0.0,0.5550592932441327,0.0,0.0,0.0,0.0,0.0
554,0.0,0.2822876017221047,0.0,0.0,0.0,0.0,0.0
555,0.0,0.2832717499968147,0.0,0.0,0.0,0.0,0.0
556,0.0,0.299683384175203,0.0,0.0,0.0,0.0,0.0
557,0.0,0.4642821831204415,0.0,0.0,0.0,0.0,0.0
558,0.0,0.8253956849554374,0.0,0.0,0.0,0.0,0.0
559,0.0,0.4883556555008674,0.0,0.0,0.0,0.0,0.0
560,0.0,0.4718776263735565,0.0,0.0,0.0,0.0,0.0
561,0.0,0.41101420650946374,0.0,0.0,0.0,0.0,0.0
562,0.0,0.355336902371595,0.0,0.0,0.0,0.0,0.0
563,0.0,0.35764349989044647,0.0,0.0,0.0,0.0,0.0
564,0.0,0.3922306082993569,0.0,0.0,0.0,0.0,0.0
565,0.0,0.3980124794132777,0.0,0.0,0.0,0.0,0.0
566,0.0,0.36267154817877567,0.0,0.0,0.0,0.0,0.0
567,0.0,0.3881978940540657,0.0,0.0,0.0,0.0,0.0
568,0.0,0.346465707708742,0.0,0.0,0.0,0.0,0.0
569,0.0,0.2225860436296282,0.0,0.0,0.0,0.0,0.0
570,0.0,0.17607680894015998,0.0,0.0,0.0,0.0,0.0
571,0.0,0.1648821223153345,0.0,0.0,0.0,0.0,0.0
572,0.0,0.1347481356896292,0.0,0.0,0.0,0.0,0.0
573,0.0,0.1410528355744897,0.0,0.0,0.0,0.0,0.0
574,0.0,0.1114593179621329,0.0,0.0,0.0,0.0,0.0
575,0.0,0.3002620135385189,0.0,0.0,0.0,0.0,0.0
576,0.0,0.43016907158220374,0.0,0.0,0.0,0.0,0.0
577,0.0,0.39790746095186874,0.0,0.0,0.0,0.0,0.0
578,0.0,0.5311084795675247,0.0,0.0,0.0,0.0,0.0
579,0.0,0.4630484754446154,0.0,0.0,0.0,0.0,0.0
580,0.0,0.582448943345679,0.0,0.0,0.0,0.0,0.0
581,0.0,0.6025317190764787,0.0,0.0,0.0,0.0,0.0
582,0.0,0.20377117656790922,0.0,0.0,0.0,0.0,0.0
583,0.0,0.2163805763376302,0.0,0.0,0.0,0.0,0.0
584,0.0,0.2200371890940439,0.0,0.0,0.0,0.0,0.0
585,0.0,0.2049981732711326,0.0,0.0,0.0,0.0,0.0
586,0.0,0.20499313320187287,0.0,0.0,0.0,0.0,0.0
587,0.0,0.1925375066000752,0.0,0.0,0.0,0.0,0.0
588,0.0,0.1091834750768664,0.0,0.0,0.0,0.0,0.0
589,0.0,0.1392307520891041,0.0,0.0,0.0,0.0,0.0
590,0.0,0.1281195864375817,0.0,0.0,0.0,0.0,0.0
591,0.0,0.1322714619715144,0.0,0.0,0.0,0.0,0.0
592,0.0,0.1321546663299967,0.0,0.0,0.0,0.0,0.0
593,0.0,0.1081660521339419,0.0,0.0,0.0,0.0,0.0
594,0.0,0.1854262175499045,0.0,0.0,0.0,0.0,0.0
595,0.0,0.1881941345725262,0.0,0.0,0.0,0.0,0.0
596,0.0,0.1783596205175352,0.0,0.0,0.0,0.0,0.0
597,0.0,0.1963818357981609,0.0,0.0,0.0,0.0,0.0
598,0.0,0.1356318685479152,0.0,0.0,0.0,0.0,0.0
599,0.0,0.1218230380683912,0.0,0.0,0.0,0.0,0.0
600,0.0,0.1453063865421616,0.0,0.0,0.0,0.0,0.0
601,0.0,0.1250083283762691,0.0,0.0,0.0,0.0,0.0
602,0.0,0.1295116964645627,0.0,0.0,0.0,0.0,0.0
603,0.0,0.1586363344692599,0.0,0.0,0.0,0.0,0.0
604,0.0,0.14860469243961208,0.0,0.0,0.0,0.0,0.0
605,0.0,0.14568300224906688,0.0,0.0,0.0,0.0,0.0
606,0.0,0.1971400300874784,0.0,0.0,0.0,0.0,0.0
607,0.0,0.1779183840970499,0.0,0.0,0.0,0.0,0.0
608,0.0,0.2239782308503624,0.0,0.0,0.0,0.0,0.0
609,0.0,0.22228672600320493,0.0,0.0,0.0,0.0,0.0
610,0.0,0.17356878917667973,0.0,0.0,0.0,0.0,0.0
611,0.0,0.19577363462482272,0.0,0.0,0.0,0.0,0.0
612,0.0432865196343477,0.18741089432441768,0.0432865196343477,0.04328651963434771,0.0432865196343477,0.04328651963434771,0.04328651963434771
613,0.070432303133854,0.2008199145673407,0.070432303133854,0.07043230313385401,0.070432303133854,0.070432303133854,0.07043230313385399
614,0.0447538592829697,0.24699899980304738,0.0447538592829697,0.04475385928296971,0.0447538592829697,0.04475385928296971,0.0447538592829697
615,0.0374171610398598,0.2361118595140686,0.0374171610398598,0.0374171610398598,0.0374171610398598,0.0374171610398598,0.0374171610398598
616,0.052090557526079495,0.19874675394401803,0.052090557526079495,0.0520905575260795,0.052090557526079495,0.05209055752607949,0.052090557526079495
617,0.11591983224113489,0.30177477645271505,0.11591983224113489,0.11591983224113489,0.11591983224113488,0.11591983224113489,0.1159198322411349
618,0.2215682869419159,0.4096827055628585,0.2215682869419159,0.2215682869419159,0.22156828694191588,0.2215682869419159,0.2215682869419159
619,0.2934679297243921,0.4290888793547935,0.2934679297243921,0.2934679297243921,0.2934679297243921,0.2934679297243921,0.2934679297243921
620,0.4754180461535149,0.5811580194516702,0.47541804615351485,0.4754180461535149,0.4754180461535149,0.4754180461535149,0.47541804615351485
621,0.5326442924497717,0.3558188191766777,0.3558188191766777,0.3558188191766777,0.3558188191766777,0.3558188191766777,0.3558188191766777
622,0.690383304676632,0.9273980570327716,0.6903833046766321,0.690383304676632,0.690383304676632,0.6903833046766319,0.6903833046766321
623,0.7211974372976948,0.9230924083309155,0.7211974372976948,0.7211974372976948,0.7211974372976948,0.7211974372976948,0.7211974372976948
624,0.920755629510281,0.9495319816807626,0.920755629510281,0.920755629510281,0.920755629510281,0.920755629510281,0.920755629510281
625,0.9581727905501409,0.9031847488686412,0.9031847488686412,0.9031847488686412,0.9031847488686412,0.9031847488686411,0.9031847488686412
626,0.7512779000944455,0.9252277468269418,0.7512779000944454,0.7512779000944455,0.7512779000944455,0.7512779000944455,0.7512779000944454
627,0.7175290881761391,1.008265257505593,0.7175290881761391,0.7175290881761391,0.7175290881761391,0.7175290881761391,0.7175290881761391
628,0.781358362891194,1.4794450670889474,0.781358362891194,0.7813583628911941,0.781358362891194,0.781358362891194,0.781358362891194
629,0.6045439352322477,2.02915338778162,0.6045439352322477,0.6045439352322477,0.6045439352322477,0.6045439352322477,0.6045439352322477
630,0.34115646830460594,1.568857607040835,0.3411564683046059,0.341156468304606,0.34115646830460594,0.34115646830460594,0.34115646830460594
631,0.2531160893872882,1.3537596997495427,0.25311608938728813,0.2531160893872882,0.25311608938728825,0.2531160893872882,0.2531160893872882
632,0.24504572131986718,1.7333110159150777,0.24504572131986718,0.2450457213198672,0.24504572131986718,0.24504572131986715,0.24504572131986718
633,0.2655884764005746,1.6294833729331777,0.2655884764005746,0.2655884764005746,0.2655884764005746,0.2655884764005746,0.2655884764005746
634,0.2824628823597271,1.222337376449825,0.28246288235972705,0.2824628823597271,0.2824628823597271,0.2824628823597271,0.2824628823597271
635,0.2164325981717389,1.1649799848143876,0.21643259817173888,0.2164325981717389,0.21643259817173888,0.2164325981717389,0.21643259817173893
636,0.2046938809827634,1.1048773375542127,0.2046938809827634,0.20469388098276337,0.20469388098276337,0.20469388098276337,0.2046938809827634
637,0.3440911476018494,1.1121046764466154,0.3440911476018494,0.34409114760184945,0.34409114760184945,0.3440911476018494,0.34409114760184933
638,0.36390023285824585,0.882664438354559,0.36390023285824585,0.36390023285824585,0.36390023285824585,0.36390023285824585,0.36390023285824585
639,0.3044729770890567,0.6495443157826415,0.3044729770890567,0.3044729770890567,0.30447297708905663,0.3044729770890567,0.30447297708905674
640,0.28613123148128217,0.7653492431701867,0.28613123148128217,0.2861312314812822,0.28613123148128217,0.28613123148128217,0.28613123148128217
641,0.3154780244537211,0.8307951034383991,0.3154780244537211,0.3154780244537211,0.31547802445372114,0.3154780244537211,0.31547802445372114
642,0.1533369932809949,0.5815847270761573,0.1533369932809949,0.1533369932809949,0.1533369932809949,0.1533369932809949,0.1533369932809949
643,0.1129851529438908,0.6060961700431523,0.1129851529438908,0.1129851529438908,0.1129851529438908,0.11298515294389078,0.1129851529438908
644,0.0608945954178114,0.5873314720927665,0.0608945954178114,0.060894595417811406,0.06089459541781139,0.06089459541781139,0.0608945954178114
645,0.0799700108498968,0.5941897553821515,0.0799700108498968,0.0799700108498968,0.0799700108498968,0.0799700108498968,0.0799700108498968
646,0.0843720297957625,0.783004845688672,0.0843720297957625,0.08437202979576251,0.0843720297957625,0.0843720297957625,0.0843720297957625
647,0.0139397266619085,0.8991650967380296,0.0139397266619085,0.0139397266619085,0.0139397266619085,0.0139397266619085,0.0139397266619085
648,0.0,1.782346295358216,0.0,0.0,0.0,0.0,0.0
649,0.0,1.6703071652092063,0.0,0.0,0.0,0.0,0.0
650,0.0,1.225455147265192,0.0,0.0,0.0,0.0,0.0
651,0.0,1.200082574557827,0.0,0.0,0.0,0.0,0.0
652,0.0,1.0385303357665692,0.0,0.0,0.0,0.0,0.0
653,0.0,0.777238968831079,0.0,0.0,0.0,0.0,0.0
654,0.0,0.7457262953445837,0.0,0.0,0.0,0.0,0.0
655,0.0,0.7564904170992237,0.0,0.0,0.0,0.0,0.0
656,0.0,0.8080569631120288,0.0,0.0,0.0,0.0,0.0
657,0.0,0.9277539970236263,0.0,0.0,0.0,0.0,0.0
658,0.0,1.2160574981669616,0.0,0.0,0.0,0.0,0.0
659,0.0,0.8747425746441192,0.0,0.0,0.0,0.0,0.0
660,0.0,1.1663824648411185,0.0,0.0,0.0,0.0,0.0
661,0.0,1.5482319954285757,0.0,0.0,0.0,0.0,0.0
662,0.0,1.3096871257781404,0.0,0.0,0.0,0.0,0.0
663,0.0,0.997250803191318,0.0,0.0,0.0,0.0,0.0
664,0.0,0.8378928149348717,0.0,0.0,0.0,0.0,0.0
665,0.0,0.5989293119818642,0.0,0.0,0.0,0.0,0.0
666,0.0,0.5268021361218892,0.0,0.0,0.0,0.0,0.0
667,0.0,0.5789312400479292,0.0,0.0,0.0,0.0,0.0
668,0.0,0.4930636344739529,0.0,0.0,0.0,0.0,0.0
669,0.0,0.4365366179453004,0.0,0.0,0.0,0.0,0.0
670,0.0,0.49147203082519336,0.0,0.0,0.0,0.0,0.0
671,0.0,0.5043274676635909,0.0,0.0,0.0,0.0,0.0
