,PV_total,Load_total,Alloc_total__equal,Alloc_total__mean_load,Alloc_total__instant_load,Alloc_total__fixed_shares,Alloc_total__hierarchical,Alloc_total__dynamic_windows
0,0.0,1.173678693799812,0.0,0.0,0.0,0.0,0.0,0.0
1,0.0,1.1002282457026522,0.0,0.0,0.0,0.0,0.0,0.0
2,0.0,1.0718724735375722,0.0,0.0,0.0,0.0,0.0,0.0
3,0.0,0.9340862890401542,0.0,0.0,0.0,0.0,0.0,0.0
4,0.0,0.9268281955141667,0.0,0.0,0.0,0.0,0.0,0.0
5,0.0,0.9497524062961279,0.0,0.0,0.0,0.0,0.0,0.0
6,0.0,0.9538735271964754,0.0,0.0,0.0,0.0,0.0,0.0
7,0.0,0.9892721876462012,0.0,0.0,0.0,0.0,0.0,0.0
8,0.0,1.0047417683392987,0.0,0.0,0.0,0.0,0.0,0.0
9,0.0,0.7765970559652522,0.0,0.0,0.0,0.0,0.0,0.0
10,0.0,0.8019696286726171,0.0,0.0,0.0,0.0,0.0,0.0
11,0.0,0.7682248269381079,0.0,0.0,0.0,0.0,0.0,0.0
12,0.0,0.7612742797479705,0.0,0.0,0.0,0.0,0.0,0.0
13,0.0,0.7048375213034699,0.0,0.0,0.0,0.0,0.0,0.0
14,0.0,0.6842934260688999,0.0,0.0,0.0,0.0,0.0,0.0
15,0.0,0.685824857661559,0.0,0.0,0.0,0.0,0.0,0.0
16,0.0,0.6737382866627765,0.0,0.0,0.0,0.0,0.0,0.0
17,0.0,0.6736460227620239,0.0,0.0,0.0,0.0,0.0,0.0
18,0.0,0.696066150645259,0.0,0.0,0.0,0.0,0.0,0.0
19,0.0,0.6547142828650333,0.0,0.0,0.0,0.0,0.0,0.0
20,0.0,0.6772574292826083,0.0,0.0,0.0,0.0,0.0,0.0
21,0.0,0.6707249239832597,0.0,0.0,0.0,0.0,0.0,0.0
22,0.0,0.6496887546113347,0.0,0.0,0.0,0.0,0.0,0.0
23,0.0,0.6413598031971716,0.0,0.0,0.0,0.0,0.0,0.0
24,0.0,0.6132808227343541,0.0,0.0,0.0,0.0,0.0,0.0
25,0.0,0.7636864099462579,0.0,0.0,0.0,0.0,0.0,0.0
26,0.0,0.771098276640168,0.0,0.0,0.0,0.0,0.0,0.0
27,0.0,0.6490868535245695,0.0,0.0,0.0,0.0,0.0,0.0
28,0.0,0.671383962873467,0.0,0.0,0.0,0.0,0.0,0.0
29,0.0,0.6642771224807762,0.0,0.0,0.0,0.0,0.0,0.0
30,0.0,0.6729806837852412,0.0,0.0,0.0,0.0,0.0,0.0
31,0.0,0.6954837412299992,0.0,0.0,0.0,0.0,0.0,0.0
32,0.0,0.6816749107504767,0.0,0.0,0.0,0.0,0.0,0.0
33,0.0371756699737944,0.720296507640019,0.0371756699737944,0.0371756699737944,0.037175669973794394,0.0371756699737944,0.0371756699737944,0.0371756699737944
34,0.0849729599401016,0.7099321961219814,0.0849729599401016,0.0849729599401016,0.08497295994010158,0.0849729599401016,0.0849729599401016,0.0849729599401016
35,0.1125891719206347,0.7078942387897206,0.1125891719206347,0.1125891719206347,0.1125891719206347,0.1125891719206347,0.1125891719206347,0.1125891719206347
36,0.1370188979034137,0.8848871550695857,0.1370188979034137,0.1370188979034137,0.13701889790341373,0.1370188979034137,0.1370188979034137,0.1370188979034137
37,0.1582621378884392,0.9004005275936922,0.15826213788843918,0.15826213788843918,0.1582621378884392,0.1582621378884392,0.1582621378884392,0.1582621378884392
38,0.1763188918757107,0.9081814498906172,0.1763188918757107,0.1763188918757107,0.1763188918757107,0.1763188918757107,0.1763188918757107,0.1763188918757107
39,0.1943756458629824,0.8077512682052784,0.1943756458629824,0.1943756458629824,0.1943756458629824,0.1943756458629824,0.1943756458629824,0.1943756458629824
40,0.2060594278547465,0.6652958054410135,0.2060594278547465,0.20605942785474649,0.2060594278547465,0.2060594278547465,0.2060594278547465,0.2060594278547465
41,0.2230540198427666,0.9212169920112911,0.22305401984276657,0.22305401984276663,0.22305401984276657,0.2230540198427666,0.22305401984276663,0.22305401984276657
42,0.4280512856982619,0.9159887043018937,0.42805128569826184,0.4280512856982619,0.4280512856982619,0.42805128569826184,0.4280512856982619,0.4280512856982619
43,0.8072431194309647,0.8064498022312168,0.8072431194309646,0.8072431194309647,0.8072431194309647,0.8072431194309647,0.8072431194309647,0.8072431194309646
44,1.0016187652939474,0.7950398331712968,1.0016187652939474,1.0016187652939474,1.0016187652939474,1.0016187652939474,1.0016187652939474,1.0016187652939474
45,1.364878169037885,2.606162328367275,1.364878169037885,1.364878169037885,1.364878169037885,1.364878169037885,1.364878169037885,1.364878169037885
46,1.56350246289787,2.6018874342990026,1.56350246289787,1.56350246289787,1.56350246289787,1.56350246289787,1.56350246289787,1.56350246289787
47,1.7090186567952925,2.4587199170307574,1.7090186567952923,1.7090186567952923,1.7090186567952927,1.7090186567952925,1.7090186567952925,1.7090186567952923
48,1.827980800711435,2.4800943873721124,1.8279808007114349,1.827980800711435,1.827980800711435,1.827980800711435,1.827980800711435,1.827980800711435
49,1.6824646068140123,2.555712702834225,1.6824646068140123,1.6824646068140123,1.6824646068140123,1.6824646068140123,1.6824646068140123,1.682464606814012
50,1.887461872669505,2.5648468290088773,1.8874618726695047,1.887461872669505,1.887461872669505,1.8874618726695047,1.8874618726695052,1.8874618726695047
51,2.11476454050928,2.1263160789250373,2.11476454050928,2.11476454050928,2.11476454050928,2.11476454050928,2.11476454050928,2.11476454050928
52,2.14981588648457,2.1204726985439475,2.14981588648457,2.14981588648457,2.14981588648457,2.14981588648457,2.14981588648457,2.14981588648457
53,2.0510348205542024,1.885032641728085,2.0510348205542024,2.0510348205542024,2.0510348205542024,2.0510348205542024,2.0510348205542024,2.0510348205542024
54,1.48915112295028,1.4730435702276352,1.4891511229502798,1.4891511229502798,1.48915112295028,1.4891511229502803,1.48915112295028,1.48915112295028
55,1.0472917312617525,1.7460707875450767,1.0472917312617525,1.0472917312617525,1.0472917312617525,1.0472917312617525,1.0472917312617525,1.0472917312617525
56,0.774316097454176,1.68852886810813,0.774316097454176,0.774316097454176,0.774316097454176,0.7743160974541761,0.774316097454176,0.774316097454176
57,0.6999647575065866,1.76786927339599,0.6999647575065866,0.6999647575065866,0.6999647575065866,0.6999647575065866,0.6999647575065866,0.6999647575065866
58,0.7243944834893659,1.997821668708685,0.7243944834893659,0.7243944834893659,0.7243944834893659,0.7243944834893659,0.7243944834893659,0.7243944834893659
59,0.7998079854362069,2.0542458092872424,0.7998079854362068,0.7998079854362069,0.7998079854362069,0.799807985436207,0.7998079854362069,0.7998079854362069
60,0.8465431134032617,1.9795120496764576,0.8465431134032617,0.8465431134032617,0.8465431134032617,0.8465431134032617,0.8465431134032617,0.8465431134032617
61,0.6468566575440235,1.3815304319082675,0.6468566575440235,0.6468566575440235,0.6468566575440235,0.6468566575440235,0.6468566575440235,0.6468566575440235
62,0.4779728996630716,1.3763944080996249,0.4779728996630716,0.47797289966307155,0.47797289966307166,0.4779728996630716,0.4779728996630716,0.47797289966307155
63,0.3462648117559142,0.4642855261481117,0.34626481175591417,0.3462648117559142,0.3462648117559142,0.3462648117559142,0.34626481175591417,0.3462648117559142
64,0.2952810357918532,0.44715519524144165,0.29528103579185316,0.2952810357918532,0.2952810357918532,0.2952810357918532,0.2952810357918533,0.29528103579185316
65,0.2602296898165609,0.5556791172100732,0.2602296898165609,0.2602296898165609,0.2602296898165609,0.2602296898165609,0.2602296898165609,0.2602296898165609
66,0.2326134778360282,0.5925231682445257,0.23261347783602818,0.2326134778360282,0.23261347783602823,0.2326134778360282,0.2326134778360282,0.23261347783602818
67,0.1880026738674747,0.5688532861526447,0.1880026738674747,0.1880026738674747,0.1880026738674747,0.1880026738674747,0.1880026738674747,0.18800267386747468
68,0.1327702499064086,0.6312851923295573,0.1327702499064086,0.1327702499064086,0.13277024990640862,0.1327702499064086,0.1327702499064086,0.1327702499064086
69,0.0775378259453427,0.710387755895451,0.0775378259453427,0.0775378259453427,0.0775378259453427,0.0775378259453427,0.0775378259453427,0.0775378259453427
70,0.0350513459752918,0.6758195477462634,0.0350513459752918,0.0350513459752918,0.0350513459752918,0.0350513459752918,0.0350513459752918,0.0350513459752918
71,0.0,0.7423658377126747,0.0,0.0,0.0,0.0,0.0,0.0
72,0.0,0.7515614731544947,0.0,0.0,0.0,0.0,0.0,0.0
73,0.0,0.3897856404571275,0.0,0.0,0.0,0.0,0.0,0.0
74,0.0,0.39925806760120996,0.0,0.0,0.0,0.0,0.0,0.0
75,0.0,0.36837529821917275,0.0,0.0,0.0,0.0,0.0,0.0
76,0.0,0.127043688480145,0.0,0.0,0.0,0.0,0.0,0.0
77,0.0,0.2190699352624549,0.0,0.0,0.0,0.0,0.0,0.0
78,0.0,0.2253438805137307,0.0,0.0,0.0,0.0,0.0,0.0
79,0.0,0.18326146163136162,0.0,0.0,0.0,0.0,0.0,0.0
80,0.0,0.20426687636970192,0.0,0.0,0.0,0.0,0.0,0.0
81,0.0,0.22006794372762858,0.0,0.0,0.0,0.0,0.0,0.0
82,0.0,0.2166849340333131,0.0,0.0,0.0,0.0,0.0,0.0
83,0.0,0.2889923434248267,0.0,0.0,0.0,0.0,0.0,0.0
84,0.0,0.2609441175955932,0.0,0.0,0.0,0.0,0.0,0.0
85,0.0,0.23031553679790343,0.0,0.0,0.0,0.0,0.0,0.0
86,0.0,0.2460619091932624,0.0,0.0,0.0,0.0,0.0,0.0
87,0.0,0.239299669856576,0.0,0.0,0.0,0.0,0.0,0.0
88,0.0,0.2617813070069812,0.0,0.0,0.0,0.0,0.0,0.0
89,0.0,0.1517453679234417,0.0,0.0,0.0,0.0,0.0,0.0
90,0.0,0.1338154165435697,0.0,0.0,0.0,0.0,0.0,0.0
91,0.0,0.1382490466552704,0.0,0.0,0.0,0.0,0.0,0.0
92,0.0,0.1186583450618257,0.0,0.0,0.0,0.0,0.0,0.0
93,0.0,0.1440535980808596,0.0,0.0,0.0,0.0,0.0,0.0
94,0.0,0.17603841700893258,0.0,0.0,0.0,0.0,0.0,0.0
95,0.0,0.2132190719712284,0.0,0.0,0.0,0.0,0.0,0.0
96,0.0,0.21976980892476639,0.0,0.0,0.0,0.0,0.0,0.0
97,0.0,0.2673441156338649,0.0,0.0,0.0,0.0,0.0,0.0
98,0.0,0.23874230640010743,0.0,0.0,0.0,0.0,0.0,0.0
99,0.0,0.208241784206016,0.0,0.0,0.0,0.0,0.0,0.0
100,0.0,0.20818027493884653,0.0,0.0,0.0,0.0,0.0,0.0
101,0.0,0.1727891745930091,0.0,0.0,0.0,0.0,0.0,0.0
102,0.0,0.1957321312471846,0.0,0.0,0.0,0.0,0.0,0.0
103,0.0,0.20449097892599902,0.0,0.0,0.0,0.0,0.0,0.0
104,0.0,0.1952338342170085,0.0,0.0,0.0,0.0,0.0,0.0
105,0.0,0.1814682041567115,0.0,0.0,0.0,0.0,0.0,0.0
106,0.0,0.16209278499835952,0.0,0.0,0.0,0.0,0.0,0.0
107,0.0,0.1858924999291808,0.0,0.0,0.0,0.0,0.0,0.0
108,0.0,0.2027152845000038,0.0,0.0,0.0,0.0,0.0,0.0
109,0.0,0.15290530107220848,0.0,0.0,0.0,0.0,0.0,0.0
110,0.0,0.16163961701025928,0.0,0.0,0.0,0.0,0.0,0.0
111,0.0,0.1459866913392157,0.0,0.0,0.0,0.0,0.0,0.0
112,0.0,0.178432829771059,0.0,0.0,0.0,0.0,0.0,0.0
113,0.0,0.5207328789491582,0.0,0.0,0.0,0.0,0.0,0.0
114,0.0,0.5213479716208532,0.0,0.0,0.0,0.0,0.0,0.0
115,0.0,0.4621803508738885,0.0,0.0,0.0,0.0,0.0,0.0
116,0.0,0.23837888227813148,0.0,0.0,0.0,0.0,0.0,0.0
117,0.0,0.2686979881171252,0.0,0.0,0.0,0.0,0.0,0.0
118,0.0,0.25162916647762473,0.0,0.0,0.0,0.0,0.0,0.0
119,0.0,0.2817492929128659,0.0,0.0,0.0,0.0,0.0,0.0
120,0.0,0.2641576425024259,0.0,0.0,0.0,0.0,0.0,0.0
121,0.0,0.23259641975242962,0.0,0.0,0.0,0.0,0.0,0.0
122,0.0,0.2586455943986586,0.0,0.0,0.0,0.0,0.0,0.0
123,0.0,0.2561187515692082,0.0,0.0,0.0,0.0,0.0,0.0
124,0.0,0.2555959227982684,0.0,0.0,0.0,0.0,0.0,0.0
125,0.0,0.22078152319289768,0.0,0.0,0.0,0.0,0.0,0.0
126,0.0,0.1955627236534555,0.0,0.0,0.0,0.0,0.0,0.0
127,0.0,0.1988571723052077,0.0,0.0,0.0,0.0,0.0,0.0
128,0.0,0.2001796215493492,0.0,0.0,0.0,0.0,0.0,0.0
129,0.0477972899663071,0.2038231971083402,0.04779728996630709,0.0477972899663071,0.0477972899663071,0.0477972899663071,0.0477972899663071,0.0477972899663071
130,0.087097283938604,0.2221837133583977,0.087097283938604,0.087097283938604,0.087097283938604,0.087097283938604,0.087097283938604,0.087097283938604
131,0.11471349591913721,0.21213257965724572,0.11471349591913721,0.11471349591913721,0.1147134959191372,0.11471349591913721,0.11471349591913722,0.11471349591913721
132,0.1423297078996702,0.1982314852769677,0.1423297078996702,0.1423297078996702,0.1423297078996702,0.1423297078996702,0.1423297078996702,0.1423297078996702
133,0.1614486238861932,0.2304711613949224,0.1614486238861932,0.16144862388619316,0.1614486238861932,0.1614486238861932,0.1614486238861932,0.1614486238861932
134,0.1795053778734644,0.21930722940368141,0.17950537787346438,0.1795053778734644,0.17950537787346438,0.1795053778734644,0.1795053778734644,0.17950537787346438
135,0.19649996986148488,0.20219883300939223,0.19649996986148488,0.19649996986148488,0.19649996986148488,0.19649996986148488,0.19649996986148488,0.19649996986148488
136,0.21243239985025392,0.22129746046548202,0.2124323998502539,0.21243239985025392,0.21243239985025392,0.21243239985025392,0.21243239985025392,0.21243239985025392
137,0.2336756398352792,0.19452202898708199,0.23367563983527917,0.2336756398352792,0.23367563983527925,0.2336756398352792,0.23367563983527923,0.23367563983527917
138,0.46416479367280516,0.1896627968807017,0.4641647936728051,0.46416479367280516,0.46416479367280516,0.46416479367280516,0.4641647936728052,0.4641647936728051
139,0.831672845413744,0.2131223594129956,0.8316728454137439,0.8316728454137439,0.8316728454137439,0.831672845413744,0.831672845413744,0.8316728454137439
140,1.015426871284215,0.1923014724761634,1.0154268712842147,1.015426871284215,1.015426871284215,1.015426871284215,1.015426871284215,1.015426871284215
141,1.3574430350431248,1.2731162681407442,1.3574430350431248,1.3574430350431248,1.3574430350431248,1.3574430350431248,1.3574430350431248,1.3574430350431248
142,1.567751110894875,1.2780985187814635,1.567751110894875,1.567751110894875,1.567751110894875,1.567751110894875,1.567751110894875,1.567751110894875
143,1.6941483888057751,1.3617777368829271,1.694148388805775,1.6941483888057751,1.6941483888057753,1.6941483888057751,1.6941483888057751,1.694148388805775
144,1.8428510687009547,1.367467344096094,1.8428510687009547,1.8428510687009547,1.8428510687009547,1.8428510687009547,1.8428510687009547,1.8428510687009547
145,1.7015835228005352,1.1769198546693536,1.701583522800535,1.701583522800535,1.7015835228005352,1.701583522800535,1.7015835228005352,1.7015835228005352
146,1.8757780906777426,1.1779040029440633,1.8757780906777426,1.8757780906777426,1.8757780906777426,1.8757780906777426,1.8757780906777426,1.8757780906777426
147,2.105205082516018,0.6710355568482557,2.105205082516018,2.1052050825160173,2.105205082516018,2.105205082516018,2.105205082516018,2.105205082516018
148,2.1646861544740874,0.6562425780940219,2.1646861544740874,2.1646861544740874,2.1646861544740874,2.1646861544740874,2.1646861544740874,2.1646861544740874
149,2.060594278547465,1.088256593999032,2.060594278547465,2.060594278547465,2.060594278547465,2.060594278547465,2.060594278547465,2.060594278547465
150,1.5613781388993675,1.098436377715563,1.5613781388993675,1.5613781388993673,1.5613781388993675,1.5613781388993675,1.5613781388993675,1.5613781388993675
151,1.082343077237045,0.6846022075048006,1.082343077237045,1.082343077237045,1.082343077237045,1.082343077237045,1.082343077237045,1.082343077237045
152,0.8125539294272212,0.6816497626806707,0.812553929427221,0.812553929427221,0.8125539294272213,0.8125539294272212,0.812553929427221,0.812553929427221
153,0.7318296174841259,0.8380016657247205,0.7318296174841259,0.7318296174841259,0.7318296174841258,0.7318296174841259,0.7318296174841259,0.7318296174841259
154,0.7392647514788837,0.8242543445123659,0.7392647514788837,0.7392647514788837,0.7392647514788837,0.7392647514788837,0.7392647514788837,0.7392647514788837
155,0.8359214934107513,1.04703787594717,0.8359214934107513,0.8359214934107514,0.8359214934107513,0.8359214934107512,0.8359214934107513,0.8359214934107513
156,0.857164733395775,1.1245703072141624,0.8571647333957749,0.857164733395775,0.857164733395775,0.8571647333957749,0.857164733395775,0.857164733395775
157,0.663851249532045,0.9927511902377091,0.663851249532045,0.663851249532045,0.663851249532045,0.663851249532045,0.663851249532045,0.663851249532045
158,0.5013404636465995,0.945942637921819,0.5013404636465995,0.5013404636465995,0.5013404636465995,0.5013404636465995,0.5013404636465996,0.5013404636465995
159,0.3685702137401907,0.5000058247054086,0.3685702137401907,0.3685702137401907,0.3685702137401907,0.3685702137401907,0.3685702137401907,0.36857021374019067
160,0.32502157177088864,0.6115528807170638,0.32502157177088864,0.32502157177088864,0.3250215717708887,0.32502157177088864,0.32502157177088864,0.32502157177088864
161,0.279348605803084,0.4579342828163532,0.279348605803084,0.279348605803084,0.279348605803084,0.279348605803084,0.279348605803084,0.27934860580308396
162,0.2453594218270434,0.5752017006747607,0.2453594218270434,0.2453594218270434,0.24535942182704343,0.2453594218270434,0.2453594218270434,0.24535942182704337
163,0.1996864558592386,0.8276367877121612,0.1996864558592386,0.1996864558592386,0.1996864558592386,0.1996864558592386,0.1996864558592386,0.1996864558592386
164,0.13489457390491139,0.7886091576931937,0.13489457390491139,0.13489457390491139,0.13489457390491139,0.13489457390491139,0.13489457390491139,0.13489457390491139
165,0.0817864739423476,0.450807796364651,0.0817864739423476,0.0817864739423476,0.08178647394234762,0.0817864739423476,0.08178647394234759,0.08178647394234759
166,0.032927021976789296,0.5286477739674885,0.032927021976789296,0.032927021976789296,0.032927021976789296,0.032927021976789296,0.032927021976789296,0.032927021976789296
167,0.0,0.9172057752541072,0.0,0.0,0.0,0.0,0.0,0.0
168,0.0,0.8070119231201772,0.0,0.0,0.0,0.0,0.0,0.0
169,0.0,0.5049240970998359,0.0,0.0,0.0,0.0,0.0,0.0
170,0.0,0.4174271645514059,0.0,0.0,0.0,0.0,0.0,0.0
171,0.0,0.3569152372416733,0.0,0.0,0.0,0.0,0.0,0.0
172,0.0,0.3755217905604083,0.0,0.0,0.0,0.0,0.0,0.0
173,0.0,0.38540032802766644,0.0,0.0,0.0,0.0,0.0,0.0
174,0.0,0.5769401859930889,0.0,0.0,0.0,0.0,0.0,0.0
175,0.0,0.6863813981249872,0.0,0.0,0.0,0.0,0.0,0.0
176,0.0,0.5999916323856047,0.0,0.0,0.0,0.0,0.0,0.0
177,0.0,0.6846963477519112,0.0,0.0,0.0,0.0,0.0,0.0
178,0.0,0.7092077907189037,0.0,0.0,0.0,0.0,0.0,0.0
179,0.0,0.6192172128154855,0.0,0.0,0.0,0.0,0.0,0.0
180,0.0,0.481497963623263,0.0,0.0,0.0,0.0,0.0,0.0
181,0.0,0.3110520042449899,0.0,0.0,0.0,0.0,0.0,0.0
182,0.0,0.2227554512233574,0.0,0.0,0.0,0.0,0.0,0.0
183,0.0,0.2218503752644719,0.0,0.0,0.0,0.0,0.0,0.0
184,0.0,0.1993994927476514,0.0,0.0,0.0,0.0,0.0,0.0
185,0.0,0.1853834541549514,0.0,0.0,0.0,0.0,0.0,0.0
186,0.0,0.2044205723438719,0.0,0.0,0.0,0.0,0.0,0.0
187,0.0,0.1593775571217028,0.0,0.0,0.0,0.0,0.0,0.0
188,0.0,0.17097205398312929,0.0,0.0,0.0,0.0,0.0,0.0
189,0.0,0.2556898065468579,0.0,0.0,0.0,0.0,0.0,0.0
190,0.0,0.34069561377493024,0.0,0.0,0.0,0.0,0.0,0.0
191,0.0,0.2647610862432717,0.0,0.0,0.0,0.0,0.0,0.0
192,0.0,0.1482010249573132,0.0,0.0,0.0,0.0,0.0,0.0
193,0.0,0.4207499249958652,0.0,0.0,0.0,0.0,0.0,0.0
194,0.0,0.4093399559359477,0.0,0.0,0.0,0.0,0.0,0.0
195,0.0,0.40779155270641376,0.0,0.0,0.0,0.0,0.0,0.0
196,0.0,0.3997030840736413,0.0,0.0,0.0,0.0,0.0,0.0
197,0.0,0.1569768442730018,0.0,0.0,0.0,0.0,0.0,0.0
198,0.0,0.1295437111154623,0.0,0.0,0.0,0.0,0.0,0.0
199,0.0,0.14393376818668469,0.0,0.0,0.0,0.0,0.0,0.0
200,0.0,0.1500231856364525,0.0,0.0,0.0,0.0,0.0,0.0
201,0.0,0.1101826663656012,0.0,0.0,0.0,0.0,0.0,0.0
202,0.0,0.1127353009531302,0.0,0.0,0.0,0.0,0.0,0.0
203,0.0,0.1244321418538301,0.0,0.0,0.0,0.0,0.0,0.0
204,0.0,0.1235402574798741,0.0,0.0,0.0,0.0,0.0,0.0
205,0.0,0.14485195853674648,0.0,0.0,0.0,0.0,0.0,0.0
206,0.0,0.1372248094077445,0.0,0.0,0.0,0.0,0.0,0.0
207,0.0,0.1292041501287157,0.0,0.0,0.0,0.0,0.0,0.0
208,0.0,0.1445507122874739,0.0,0.0,0.0,0.0,0.0,0.0
209,0.0,0.2332304126838467,0.0,0.0,0.0,0.0,0.0,0.0
210,0.0,0.2375975706528722,0.0,0.0,0.0,0.0,0.0,0.0
211,0.0,0.2290069477442257,0.0,0.0,0.0,0.0,0.0,0.0
212,0.0,0.3192717973152782,0.0,0.0,0.0,0.0,0.0,0.0
213,0.0,0.4315254641000929,0.0,0.0,0.0,0.0,0.0,0.0
214,0.0,0.43490847379440795,0.0,0.0,0.0,0.0,0.0,0.0
215,0.0,0.2215611377765677,0.0,0.0,0.0,0.0,0.0,0.0
216,0.0,0.22958809714217068,0.0,0.0,0.0,0.0,0.0,0.0
217,0.0,0.16696906593536773,0.0,0.0,0.0,0.0,0.0,0.0
218,0.0,0.17468847896512402,0.0,0.0,0.0,0.0,0.0,0.0
219,0.0,0.2162405861664172,0.0,0.0,0.0,0.0,0.0,0.0
220,0.0,0.1929285739092255,0.0,0.0,0.0,0.0,0.0,0.0
221,0.0,0.1944869800835254,0.0,0.0,0.0,0.0,0.0,0.0
222,0.0,0.19593244786200562,0.0,0.0,0.0,0.0,0.0,0.0
223,0.0,0.15848893858166452,0.0,0.0,0.0,0.0,0.0,0.0
224,0.0,0.17589606119059653,0.0,0.0,0.0,0.0,0.0,0.0
225,0.0467351279670558,0.19011789349165062,0.0467351279670558,0.0467351279670558,0.0467351279670558,0.0467351279670558,0.0467351279670558,0.04673512796705579
226,0.08815944593785549,0.1856892262554559,0.08815944593785549,0.08815944593785549,0.08815944593785549,0.08815944593785549,0.08815944593785549,0.08815944593785549
227,0.117899981916891,0.12365571591032341,0.117899981916891,0.117899981916891,0.117899981916891,0.11789998191689098,0.117899981916891,0.117899981916891
228,0.1433918698989212,0.1426620794656592,0.1433918698989212,0.1433918698989212,0.14339186989892122,0.1433918698989212,0.1433918698989212,0.1433918698989212
229,0.1625107858854442,0.2286909411176949,0.1625107858854442,0.16251078588544418,0.1625107858854442,0.1625107858854442,0.1625107858854442,0.1625107858854442
230,0.1858783498689722,0.2381941228953629,0.18587834986897217,0.1858783498689722,0.1858783498689722,0.18587834986897223,0.1858783498689722,0.1858783498689722
231,0.1996864558592386,0.25229486528492767,0.1996864558592386,0.1996864558592386,0.1996864558592386,0.1996864558592386,0.1996864558592386,0.1996864558592386
232,0.21668104784725922,0.2563852315516909,0.2166810478472592,0.21668104784725922,0.21668104784725925,0.21668104784725922,0.21668104784725922,0.21668104784725922
233,0.2347378018345307,0.2540792254446203,0.23473780183453066,0.23473780183453072,0.2347378018345307,0.2347378018345307,0.23473780183453072,0.23473780183453066
234,0.4737242516660667,0.27351615387014183,0.47372425166606663,0.4737242516660667,0.47372425166606674,0.4737242516660667,0.4737242516660667,0.4737242516660667
235,0.8199890634219813,0.2379067368365543,0.8199890634219813,0.8199890634219813,0.8199890634219813,0.8199890634219813,0.8199890634219813,0.8199890634219812
236,1.0324214632722326,0.1583752543865571,1.0324214632722326,1.0324214632722326,1.0324214632722326,1.0324214632722326,1.0324214632722328,1.0324214632722326
237,1.37868627502815,1.4997453710981574,1.37868627502815,1.3786862750281499,1.37868627502815,1.37868627502815,1.37868627502815,1.37868627502815
238,1.5847457028828975,1.5169679659055801,1.5847457028828975,1.5847457028828975,1.5847457028828977,1.5847457028828975,1.5847457028828975,1.5847457028828975
239,1.71432946679155,1.50440430428251,1.7143294667915498,1.71432946679155,1.71432946679155,1.7143294667915498,1.71432946679155,1.71432946679155
240,1.8460375546987076,1.4895498162611074,1.8460375546987073,1.8460375546987078,1.8460375546987078,1.8460375546987073,1.8460375546987073,1.8460375546987073
241,1.693086226806525,1.346277375418,1.693086226806525,1.693086226806525,1.6930862268065252,1.693086226806525,1.693086226806525,1.6930862268065248
242,1.87046728068149,1.3465234124866776,1.87046728068149,1.87046728068149,1.8704672806814902,1.87046728068149,1.8704672806814902,1.87046728068149
243,2.102018596518265,0.8025704502678201,2.102018596518265,2.102018596518265,2.102018596518265,2.102018596518265,2.102018596518265,2.102018596518265
244,2.17424561246735,0.8224994528306977,2.17424561246735,2.17424561246735,2.17424561246735,2.17424561246735,2.17424561246735,2.1742456124673497
245,2.0754645465369825,1.0257428554449537,2.0754645465369825,2.0754645465369825,2.0754645465369825,2.0754645465369825,2.0754645465369825,2.0754645465369825
246,1.5560673289031124,1.0167009931710562,1.5560673289031124,1.5560673289031122,1.5560673289031126,1.5560673289031124,1.5560673289031124,1.5560673289031124
247,1.123767395207845,0.8946788808123655,1.123767395207845,1.123767395207845,1.123767395207845,1.123767395207845,1.123767395207845,1.123767395207845
248,0.8369836554100005,0.8793938279207755,0.8369836554100005,0.8369836554100005,0.8369836554100005,0.8369836554100005,0.8369836554100006,0.8369836554100005
249,0.7445755614751401,0.8452863478635793,0.7445755614751401,0.7445755614751401,0.7445755614751401,0.7445755614751401,0.7445755614751401,0.74457556147514
250,0.7509485334706487,0.6560223327834227,0.7509485334706486,0.7509485334706487,0.7509485334706487,0.7509485334706487,0.7509485334706487,0.7509485334706486
251,0.8412323034070053,0.8194805620021366,0.8412323034070053,0.8412323034070052,0.8412323034070054,0.8412323034070052,0.8412323034070053,0.8412323034070053
252,0.8784079733808017,0.8369799485118228,0.8784079733808017,0.8784079733808017,0.8784079733808017,0.8784079733808017,0.8784079733808017,0.8784079733808017
253,0.6861566515163204,0.429461149736221,0.6861566515163204,0.6861566515163203,0.6861566515163204,0.6861566515163204,0.6861566515163204,0.6861566515163204
254,0.510899921639861,0.4180511806763025,0.510899921639861,0.510899921639861,0.5108999216398611,0.510899921639861,0.510899921639861,0.5108999216398609
255,0.37069453773869354,0.2443704043461047,0.37069453773869354,0.3706945377386935,0.37069453773869354,0.37069453773869354,0.3706945377386936,0.37069453773869354
256,0.3239594097716374,0.21300067808972542,0.3239594097716374,0.32395940977163734,0.32395940977163734,0.3239594097716374,0.3239594097716374,0.3239594097716374
257,0.2835972538000892,0.4893989735338694,0.28359725380008916,0.2835972538000892,0.28359725380008916,0.2835972538000892,0.2835972538000892,0.2835972538000892
258,0.24960806982404837,0.5098815595012699,0.24960806982404837,0.24960806982404835,0.24960806982404837,0.24960806982404837,0.24960806982404837,0.24960806982404835
259,0.2049972658554952,0.1442903008103055,0.2049972658554952,0.2049972658554952,0.20499726585549516,0.2049972658554952,0.20499726585549521,0.20499726585549516
260,0.1433918698989212,0.156192344007579,0.1433918698989212,0.1433918698989212,0.1433918698989212,0.1433918698989212,0.14339186989892122,0.1433918698989212
261,0.08815944593785549,0.19076752084887402,0.08815944593785549,0.08815944593785549,0.08815944593785549,0.08815944593785549,0.08815944593785549,0.08815944593785549
262,0.0392999939722969,0.1681013558969605,0.0392999939722969,0.0392999939722969,0.03929999397229691,0.0392999939722969,0.0392999939722969,0.0392999939722969
263,0.0,0.583750640901001,0.0,0.0,0.0,0.0,0.0,0.0
264,0.0,0.5818746082523352,0.0,0.0,0.0,0.0,0.0,0.0
265,0.0,0.1503081288543847,0.0,0.0,0.0,0.0,0.0,0.0
266,0.0,0.1704524138523537,0.0,0.0,0.0,0.0,0.0,0.0
267,0.0,0.1230733064950635,0.0,0.0,0.0,0.0,0.0,0.0
268,0.0,0.12482632060939051,0.0,0.0,0.0,0.0,0.0,0.0
269,0.0,0.1417043143608085,0.0,0.0,0.0,0.0,0.0,0.0
270,0.0,0.1114725095470625,0.0,0.0,0.0,0.0,0.0,0.0
271,0.0,0.2549720871991239,0.0,0.0,0.0,0.0,0.0,0.0
272,0.0,0.2600773563741816,0.0,0.0,0.0,0.0,0.0,0.0
273,0.0,0.2298995007237156,0.0,0.0,0.0,0.0,0.0,0.0
274,0.0,0.2653288386132736,0.0,0.0,0.0,0.0,0.0,0.0
275,0.0,0.47992392302315595,0.0,0.0,0.0,0.0,0.0,0.0
276,0.0,0.471189607085106,0.0,0.0,0.0,0.0,0.0,0.0
277,0.0,0.39757510023849024,0.0,0.0,0.0,0.0,0.0,0.0
278,0.0,0.3706647958518902,0.0,0.0,0.0,0.0,0.0,0.0
279,0.0,0.3155592295789816,0.0,0.0,0.0,0.0,0.0,0.0
280,0.0,0.3300754166309534,0.0,0.0,0.0,0.0,0.0,0.0
281,0.0,0.28903924670224446,0.0,0.0,0.0,0.0,0.0,0.0
282,0.0,0.4489325867090254,0.0,0.0,0.0,0.0,0.0,0.0
283,0.0,0.5175529885410615,0.0,0.0,0.0,0.0,0.0,0.0
284,0.0,0.721794510176959,0.0,0.0,0.0,0.0,0.0,0.0
285,0.0,0.3851041990414069,0.0,0.0,0.0,0.0,0.0,0.0
286,0.0,0.31729023198717515,0.0,0.0,0.0,0.0,0.0,0.0
287,0.0,0.41468149081617744,0.0,0.0,0.0,0.0,0.0,0.0
288,0.0,1.3220662000987435,0.0,0.0,0.0,0.0,0.0,0.0
289,0.0,1.488411147798201,0.0,0.0,0.0,0.0,0.0,0.0
290,0.0,1.0681183252298858,0.0,0.0,0.0,0.0,0.0,0.0
291,0.0,1.0205435043027593,0.0,0.0,0.0,0.0,0.0,0.0
292,0.0,1.4606423108996118,0.0,0.0,0.0,0.0,0.0,0.0
293,0.0,0.7028724905879672,0.0,0.0,0.0,0.0,0.0,0.0
294,0.0,0.7321509017605872,0.0,0.0,0.0,0.0,0.0,0.0
295,0.0,0.6376711757898567,0.0,0.0,0.0,0.0,0.0,0.0
296,0.0,0.6277681837755891,0.0,0.0,0.0,0.0,0.0,0.0
297,0.0,0.6231417971529569,0.0,0.0,0.0,0.0,0.0,0.0
298,0.0,0.6222806674125844,0.0,0.0,0.0,0.0,0.0,0.0
299,0.0,0.5985995223586242,0.0,0.0,0.0,0.0,0.0,0.0
300,0.0,0.5894653961839716,0.0,0.0,0.0,0.0,0.0,0.0
301,0.0,0.6100497347788669,0.0,0.0,0.0,0.0,0.0,0.0
302,0.0,0.6203832916633194,0.0,0.0,0.0,0.0,0.0,0.0
303,0.0,0.6955522191892787,0.0,0.0,0.0,0.0,0.0,0.0
304,0.0,0.7053014380356237,0.0,0.0,0.0,0.0,0.0,0.0
305,0.0,0.7075345947196907,0.0,0.0,0.0,0.0,0.0,0.0
306,0.0,0.6852067307372083,0.0,0.0,0.0,0.0,0.0,0.0
307,0.0,0.6953300452558298,0.0,0.0,0.0,0.0,0.0,0.0
308,0.0,0.7026804026825697,0.0,0.0,0.0,0.0,0.0,0.0
309,0.0,0.9535629466079731,0.0,0.0,0.0,0.0,0.0,0.0
310,0.0,0.9558080348596529,0.0,0.0,0.0,0.0,0.0,0.0
311,0.0,0.6524692718071038,0.0,0.0,0.0,0.0,0.0,0.0
312,0.0,0.6517619152346562,0.0,0.0,0.0,0.0,0.0,0.0
313,0.0,0.7011520825363194,0.0,0.0,0.0,0.0,0.0,0.0
314,0.0,0.7147148759471669,0.0,0.0,0.0,0.0,0.0,0.0
315,0.0,0.6498783224821015,0.0,0.0,0.0,0.0,0.0,0.0
316,0.0,0.6504319058866266,0.0,0.0,0.0,0.0,0.0,0.0
317,0.0,0.6401780899235301,0.0,0.0,0.0,0.0,0.0,0.0
318,0.0,0.6472824102815926,0.0,0.0,0.0,0.0,0.0,0.0
319,0.0,0.6423446972711679,0.0,0.0,0.0,0.0,0.0,0.0
320,0.0,0.628781903860323,0.0,0.0,0.0,0.0,0.0,0.0
321,0.0732891779483376,0.6385681002330733,0.07328917794833759,0.0732891779483376,0.07328917794833761,0.0732891779483376,0.0732891779483376,0.0732891779483376
322,0.138081059902665,0.6937111582504158,0.138081059902665,0.138081059902665,0.13808105990266503,0.138081059902665,0.138081059902665,0.138081059902665
323,0.1688837578809519,0.9153002218509235,0.1688837578809519,0.1688837578809519,0.1688837578809519,0.1688837578809519,0.1688837578809519,0.1688837578809519
324,0.1869405118682237,0.7386763611740734,0.1869405118682237,0.1869405118682237,0.1869405118682237,0.1869405118682237,0.1869405118682237,0.1869405118682237
325,0.207121589853998,0.5869248475515655,0.207121589853998,0.207121589853998,0.207121589853998,0.207121589853998,0.20712158985399798,0.20712158985399798
326,0.2336756398352792,0.639915081217978,0.23367563983527917,0.2336756398352792,0.23367563983527917,0.2336756398352792,0.2336756398352792,0.23367563983527917
327,0.2602296898165609,0.5298667735425497,0.2602296898165609,0.2602296898165609,0.2602296898165609,0.2602296898165609,0.26022968981656097,0.2602296898165609
328,0.2729756338075764,0.5072928724913897,0.2729756338075764,0.2729756338075764,0.27297563380757645,0.2729756338075764,0.2729756338075764,0.2729756338075764
329,0.2655404998128174,0.5197334560791624,0.26554049981281735,0.2655404998128174,0.2655404998128174,0.2655404998128174,0.2655404998128174,0.2655404998128174
330,0.4907188436540869,0.5310819158719123,0.49071884365408686,0.4907188436540869,0.49071884365408697,0.49071884365408686,0.49071884365408697,0.4907188436540869
331,0.8263620354174896,0.47757062766990194,0.8263620354174895,0.8263620354174895,0.8263620354174898,0.8263620354174896,0.8263620354174896,0.8263620354174896
332,1.0398565972669924,0.5805678955450143,1.0398565972669924,1.0398565972669924,1.0398565972669926,1.0398565972669924,1.0398565972669924,1.0398565972669924
333,1.382934923025155,0.9117963799646265,1.382934923025155,1.382934923025155,1.382934923025155,1.382934923025155,1.382934923025155,1.382934923025155
334,1.5847457028828975,0.885562677516889,1.5847457028828975,1.5847457028828975,1.5847457028828975,1.5847457028828975,1.5847457028828975,1.5847457028828975
335,1.7334483827780724,1.4258294028928158,1.7334483827780722,1.7334483827780724,1.7334483827780724,1.7334483827780722,1.7334483827780724,1.7334483827780724
336,1.8683429566829877,1.6280103640785382,1.8683429566829874,1.8683429566829877,1.8683429566829879,1.8683429566829877,1.8683429566829877,1.8683429566829879
337,1.666532176825245,1.389064424174186,1.6665321768252448,1.666532176825245,1.666532176825245,1.666532176825245,1.666532176825245,1.666532176825245
338,1.8332916107076924,1.2380899279069635,1.8332916107076924,1.8332916107076924,1.8332916107076924,1.8332916107076924,1.8332916107076924,1.8332916107076924
339,2.0393510385624403,1.0782249768866454,2.0393510385624403,2.0393510385624403,2.0393510385624403,2.0393510385624403,2.0393510385624403,2.0393510385624403
340,2.1423807524898124,1.341669168173063,2.142380752489812,2.142380752489812,2.1423807524898124,2.1423807524898124,2.1423807524898124,2.142380752489813
341,2.110515892512275,1.6986840750318732,2.110515892512275,2.110515892512275,2.1105158925122756,2.110515892512275,2.110515892512275,2.110515892512275
342,1.5401348989143426,1.3347337411907032,1.5401348989143426,1.5401348989143426,1.5401348989143426,1.5401348989143426,1.5401348989143426,1.5401348989143426
343,1.1407619871958625,1.1455293067548677,1.1407619871958625,1.1407619871958625,1.1407619871958623,1.1407619871958625,1.1407619871958625,1.1407619871958625
344,0.8592890573942785,0.9092107022901427,0.8592890573942784,0.8592890573942785,0.8592890573942785,0.8592890573942785,0.8592890573942784,0.8592890573942785
345,0.7466998854736436,1.036585131635828,0.7466998854736436,0.7466998854736436,0.7466998854736437,0.7466998854736437,0.7466998854736436,0.7466998854736437
346,0.7360782654811306,0.9486268795836282,0.7360782654811306,0.7360782654811306,0.7360782654811306,0.7360782654811306,0.7360782654811306,0.7360782654811306
347,0.8231755494197344,0.6839951119612707,0.8231755494197344,0.8231755494197344,0.8231755494197344,0.8231755494197344,0.8231755494197344,0.8231755494197344
348,0.857164733395775,0.6226396179598227,0.8571647333957749,0.857164733395775,0.857164733395775,0.8571647333957749,0.857164733395775,0.857164733395775
349,0.6659755735305461,0.4732014900225196,0.6659755735305461,0.6659755735305461,0.6659755735305461,0.6659755735305461,0.6659755735305461,0.6659755735305461
350,0.506651273642856,0.5772751700730964,0.506651273642856,0.506651273642856,0.506651273642856,0.506651273642856,0.506651273642856,0.5066512736428561
351,0.3749431857356982,0.5060093293965027,0.3749431857356982,0.3749431857356982,0.3749431857356982,0.3749431857356982,0.3749431857356982,0.3749431857356982
352,0.33033238176714497,0.9989753511254301,0.33033238176714497,0.3303323817671449,0.330332381767145,0.33033238176714497,0.33033238176714497,0.33033238176714497
353,0.2857215777985916,0.8944032968509242,0.2857215777985916,0.2857215777985916,0.28572157779859164,0.2857215777985916,0.2857215777985916,0.2857215777985916
354,0.2538567178210535,0.9274645279544618,0.2538567178210535,0.2538567178210535,0.2538567178210535,0.2538567178210535,0.2538567178210535,0.2538567178210535
355,0.2103080758517514,1.2532623250395007,0.2103080758517514,0.2103080758517514,0.2103080758517514,0.2103080758517514,0.21030807585175143,0.21030807585175143
356,0.1465783558966754,0.8536981255072656,0.1465783558966754,0.1465783558966754,0.1465783558966754,0.1465783558966754,0.1465783558966754,0.1465783558966754
357,0.0913459319356095,0.5827244999478869,0.0913459319356095,0.0913459319356095,0.0913459319356095,0.0913459319356095,0.0913459319356095,0.0913459319356095
358,0.0446108039685532,0.6725587846487519,0.0446108039685532,0.0446108039685532,0.04461080396855321,0.0446108039685532,0.0446108039685532,0.0446108039685532
359,0.0,0.7999719147006816,0.0,0.0,0.0,0.0,0.0,0.0
360,0.0,0.8824865966083917,0.0,0.0,0.0,0.0,0.0,0.0
361,0.0,0.7153599774531579,0.0,0.0,0.0,0.0,0.0,0.0
362,0.0,0.673718203579493,0.0,0.0,0.0,0.0,0.0,0.0
363,0.0,0.6915037933244252,0.0,0.0,0.0,0.0,0.0,0.0
364,0.0,0.6821851393482652,0.0,0.0,0.0,0.0,0.0,0.0
365,0.0,0.9908012274534924,0.0,0.0,0.0,0.0,0.0,0.0
366,0.0,0.8959231828447375,0.0,0.0,0.0,0.0,0.0,0.0
367,0.0,0.5838727331102986,0.0,0.0,0.0,0.0,0.0,0.0
368,0.0,0.5141827334074012,0.0,0.0,0.0,0.0,0.0,0.0
369,0.0,0.42937019690829004,0.0,0.0,0.0,0.0,0.0,0.0
370,0.0,0.43828904064784746,0.0,0.0,0.0,0.0,0.0,0.0
371,0.0,0.33689042230735816,0.0,0.0,0.0,0.0,0.0,0.0
372,0.0,0.2461950078661202,0.0,0.0,0.0,0.0,0.0,0.0
373,0.0,0.2498046401513627,0.0,0.0,0.0,0.0,0.0,0.0
374,0.0,0.2455297460830915,0.0,0.0,0.0,0.0,0.0,0.0
375,0.0,0.3065997826485795,0.0,0.0,0.0,0.0,0.0,0.0
376,0.0,0.2962969803977097,0.0,0.0,0.0,0.0,0.0,0.0
377,0.0,0.2914452312014651,0.0,0.0,0.0,0.0,0.0,0.0
378,0.0,0.3080219787036106,0.0,0.0,0.0,0.0,0.0,0.0
379,0.0,0.23494948352442488,0.0,0.0,0.0,0.0,0.0,0.0
380,0.0,0.2410696556077774,0.0,0.0,0.0,0.0,0.0,0.0
381,0.0,0.1902841896389697,0.0,0.0,0.0,0.0,0.0,0.0
382,0.0,0.3200994979999279,0.0,0.0,0.0,0.0,0.0,0.0
383,0.0,0.339530717750655,0.0,0.0,0.0,0.0,0.0,0.0
384,0.0,0.4363155496416625,0.0,0.0,0.0,0.0,0.0,0.0
385,0.0,0.6343284866496197,0.0,0.0,0.0,0.0,0.0,0.0
386,0.0,0.8221162793177097,0.0,0.0,0.0,0.0,0.0,0.0
387,0.0,0.6895945632012996,0.0,0.0,0.0,0.0,0.0,0.0
388,0.0,0.7066941394743846,0.0,0.0,0.0,0.0,0.0,0.0
389,0.0,0.6446192801391215,0.0,0.0,0.0,0.0,0.0,0.0
390,0.0,0.643235321627809,0.0,0.0,0.0,0.0,0.0,0.0
391,0.0,0.6495939706759489,0.0,0.0,0.0,0.0,0.0,0.0
392,0.0,0.6368000431047215,0.0,0.0,0.0,0.0,0.0,0.0
393,0.0,0.6078058293507458,0.0,0.0,0.0,0.0,0.0,0.0
394,0.0,0.5961190685885658,0.0,0.0,0.0,0.0,0.0,0.0
395,0.0,0.6072905606836956,0.0,0.0,0.0,0.0,0.0,0.0
396,0.0,0.6291878597959906,0.0,0.0,0.0,0.0,0.0,0.0
397,0.0,0.5965671965074058,0.0,0.0,0.0,0.0,0.0,0.0
398,0.0,0.5945066360572308,0.0,0.0,0.0,0.0,0.0,0.0
399,0.0,0.589861426368629,0.0,0.0,0.0,0.0,0.0,0.0
400,0.0,0.5896153892999515,0.0,0.0,0.0,0.0,0.0,0.0
401,0.0,0.6475271101392029,0.0,0.0,0.0,0.0,0.0,0.0
402,0.0,0.635686576209098,0.0,0.0,0.0,0.0,0.0,0.0
403,0.0,0.637278925657147,0.0,0.0,0.0,0.0,0.0,0.0
404,0.0,0.6394932592752446,0.0,0.0,0.0,0.0,0.0,0.0
405,0.0,0.6499416831783661,0.0,0.0,0.0,0.0,0.0,0.0
406,0.0,0.6597524112918811,0.0,0.0,0.0,0.0,0.0,0.0
407,0.0,0.7151875356067717,0.0,0.0,0.0,0.0,0.0,0.0
408,0.0,0.7251520368882092,0.0,0.0,0.0,0.0,0.0,0.0
409,0.0,0.9791156756531181,0.0,0.0,0.0,0.0,0.0,0.0
410,0.0,0.955188570724233,0.0,0.0,0.0,0.0,0.0,0.0
411,0.0,0.659773162980701,0.0,0.0,0.0,0.0,0.0,0.0
412,0.0,0.6419354755015836,0.0,0.0,0.0,0.0,0.0,0.0
413,0.0,0.85732331502456,0.0,0.0,0.0,0.0,0.0,0.0
414,0.0,0.8852485223194526,0.0,0.0,0.0,0.0,0.0,0.0
415,0.0,0.6423553688214694,0.0,0.0,0.0,0.0,0.0,0.0
416,0.0,0.6492444067444368,0.0,0.0,0.0,0.0,0.0,0.0
417,0.06266755795582479,0.6610134284626065,0.06266755795582479,0.06266755795582479,0.06266755795582479,0.06266755795582479,0.06266755795582479,0.06266755795582479
418,0.1062161999251269,0.6432372502506589,0.1062161999251269,0.1062161999251269,0.1062161999251269,0.10621619992512689,0.1062161999251269,0.1062161999251269
419,0.13914322190191653,0.6277186060760347,0.13914322190191653,0.13914322190191653,0.13914322190191653,0.13914322190191653,0.13914322190191653,0.13914322190191653
420,0.16675943388244951,0.6068977191392022,0.16675943388244951,0.16675943388244951,0.16675943388244951,0.16675943388244951,0.16675943388244951,0.16675943388244951
421,0.19756213186073612,0.617217493026947,0.19756213186073612,0.19756213186073612,0.1975621318607361,0.19756213186073612,0.19756213186073615,0.19756213186073612
422,0.2347378018345307,0.6745748846623845,0.23473780183453066,0.23473780183453072,0.23473780183453066,0.2347378018345307,0.2347378018345307,0.23473780183453072
423,0.2644783378135664,0.8052731800823424,0.2644783378135664,0.2644783378135664,0.26447833781356644,0.2644783378135664,0.2644783378135664,0.2644783378135664
424,0.2835972538000892,0.8426708145213199,0.28359725380008916,0.2835972538000892,0.2835972538000892,0.2835972538000892,0.2835972538000892,0.28359725380008927
425,0.31864859977538096,0.6357743142586191,0.31864859977538096,0.31864859977538096,0.31864859977538096,0.31864859977538096,0.31864859977538096,0.31864859977538096
426,0.5077134356421072,0.33582437290718153,0.5077134356421072,0.5077134356421071,0.5077134356421074,0.5077134356421072,0.5077134356421074,0.5077134356421074
427,0.8762836493822984,0.1855190728624394,0.8762836493822983,0.8762836493822984,0.8762836493822984,0.8762836493822984,0.8762836493822984,0.8762836493822984
428,1.0855295632347999,0.1412324005004919,1.0855295632347999,1.0855295632347999,1.0855295632347999,1.0855295632347999,1.0855295632347999,1.0855295632347999
429,1.3839970850244074,0.5340585587445312,1.3839970850244074,1.3839970850244074,1.3839970850244072,1.3839970850244074,1.3839970850244074,1.3839970850244074
430,1.5921808368776524,0.5456530556059577,1.5921808368776522,1.5921808368776524,1.5921808368776524,1.5921808368776524,1.5921808368776524,1.5921808368776524
431,1.7026456847997848,0.5125309066470327,1.7026456847997848,1.7026456847997848,1.7026456847997848,1.7026456847997848,1.7026456847997848,1.702645684799785
432,1.812048370722665,0.5304608580269043,1.812048370722665,1.812048370722665,1.812048370722665,1.812048370722665,1.812048370722665,1.812048370722665
433,1.658034880831235,0.556955717751098,1.6580348808312348,1.658034880831235,1.6580348808312353,1.658034880831235,1.658034880831235,1.658034880831235
434,1.785494320741385,0.54062500731763,1.785494320741385,1.785494320741385,1.7854943207413851,1.785494320741385,1.785494320741385,1.785494320741385
435,2.001113206589395,0.5543980430943075,2.0011132065893946,2.001113206589395,2.001113206589395,2.001113206589395,2.001113206589395,2.001113206589395
436,2.0988321105205126,0.5201066266473833,2.0988321105205126,2.0988321105205126,2.0988321105205126,2.0988321105205126,2.0988321105205126,2.0988321105205126
437,2.08183751853249,0.575547305249561,2.08183751853249,2.08183751853249,2.08183751853249,2.08183751853249,2.08183751853249,2.08183751853249
438,1.576248406888885,0.5812061578291432,1.576248406888885,1.5762484068888847,1.5762484068888851,1.576248406888885,1.576248406888885,1.576248406888885
439,1.149259283189875,0.5990382910209726,1.149259283189875,1.149259283189875,1.149259283189875,1.149259283189875,1.149259283189875,1.149259283189875
440,0.9060241853613351,0.6226270949804267,0.9060241853613351,0.9060241853613351,0.9060241853613352,0.9060241853613351,0.9060241853613352,0.9060241853613352
441,0.8040566334332118,0.6303333164252531,0.8040566334332118,0.8040566334332118,0.8040566334332119,0.8040566334332118,0.8040566334332118,0.8040566334332118
442,0.7753782594534278,0.6346082104935243,0.7753782594534278,0.7753782594534278,0.7753782594534278,0.7753782594534278,0.7753782594534278,0.7753782594534278
443,0.8401701414077557,0.6736634836996656,0.8401701414077557,0.8401701414077557,0.8401701414077557,0.8401701414077556,0.8401701414077556,0.8401701414077558
444,0.8656620293897842,0.6377728263063371,0.8656620293897842,0.8656620293897841,0.8656620293897843,0.8656620293897842,0.8656620293897843,0.8656620293897843
445,0.6776593555223112,0.6212054131434233,0.6776593555223112,0.6776593555223112,0.6776593555223112,0.6776593555223112,0.6776593555223112,0.6776593555223112
446,0.49602965365034324,0.6181299497849544,0.49602965365034324,0.49602965365034324,0.49602965365034324,0.49602965365034324,0.49602965365034324,0.49602965365034324
447,0.39618642572072404,0.5918792757003417,0.39618642572072404,0.39618642572072404,0.39618642572072404,0.39618642572072404,0.39618642572072404,0.39618642572072404
448,0.3462648117559142,0.616821283537522,0.34626481175591417,0.3462648117559142,0.3462648117559142,0.3462648117559142,0.3462648117559142,0.3462648117559143
449,0.302716169786612,0.7256105026650752,0.302716169786612,0.302716169786612,0.302716169786612,0.302716169786612,0.302716169786612,0.302716169786612
450,0.2655404998128174,0.8771693369704068,0.26554049981281735,0.2655404998128174,0.26554049981281735,0.2655404998128174,0.26554049981281747,0.2655404998128174
451,0.2188053718457617,0.5970519421221322,0.21880537184576168,0.2188053718457617,0.21880537184576174,0.2188053718457617,0.21880537184576174,0.21880537184576174
452,0.14764051789592658,0.6053249385564122,0.14764051789592658,0.14764051789592658,0.14764051789592658,0.14764051789592658,0.14764051789592658,0.14764051789592658
453,0.087097283938604,0.8048255925197749,0.087097283938604,0.087097283938604,0.08709728393860401,0.087097283938604,0.087097283938604,0.087097283938604
454,0.0414243179707994,0.8134676445570724,0.0414243179707994,0.0414243179707994,0.0414243179707994,0.0414243179707994,0.0414243179707994,0.0414243179707994
455,0.0010621619992511,0.8073781499135494,0.0010621619992511,0.0010621619992511,0.0010621619992511,0.0010621619992511,0.0010621619992511,0.0010621619992511
456,0.0,0.8231552769424945,0.0,0.0,0.0,0.0,0.0,0.0
457,0.0,0.6620302599937516,0.0,0.0,0.0,0.0,0.0,0.0
458,0.0,0.6568327269179391,0.0,0.0,0.0,0.0,0.0,0.0
459,0.0,0.8511631050238986,0.0,0.0,0.0,0.0,0.0,0.0
460,0.0,0.680105833025876,0.0,0.0,0.0,0.0,0.0,0.0
461,0.0,0.4823510962354707,0.0,0.0,0.0,0.0,0.0,0.0
462,0.0,0.4875486293112832,0.0,0.0,0.0,0.0,0.0,0.0
463,0.0,0.4232004471253804,0.0,0.0,0.0,0.0,0.0,0.0
464,0.0,0.9580235251630654,0.0,0.0,0.0,0.0,0.0,0.0
465,0.0,1.1214302219211296,0.0,0.0,0.0,0.0,0.0,0.0
466,0.0,0.6486392398237567,0.0,0.0,0.0,0.0,0.0,0.0
467,0.0,0.49438148067310883,0.0,0.0,0.0,0.0,0.0,0.0
468,0.0,0.5323326985166114,0.0,0.0,0.0,0.0,0.0,0.0
469,0.0,0.5159498903489587,0.0,0.0,0.0,0.0,0.0,0.0
470,0.0,1.1009645303968487,0.0,0.0,0.0,0.0,0.0,0.0
471,0.0,0.76893683761105,0.0,0.0,0.0,0.0,0.0,0.0
472,0.0,0.54467404951152,0.0,0.0,0.0,0.0,0.0,0.0
473,0.0,0.5983736455669856,0.0,0.0,0.0,0.0,0.0,0.0
474,0.0,0.49291600700509813,0.0,0.0,0.0,0.0,0.0,0.0
475,0.0,0.5956273032262223,0.0,0.0,0.0,0.0,0.0,0.0
476,0.0,0.5516789318337072,0.0,0.0,0.0,0.0,0.0,0.0
477,0.0,0.5779208629908682,0.0,0.0,0.0,0.0,0.0,0.0
478,0.0,0.5835797155704506,0.0,0.0,0.0,0.0,0.0,0.0
479,0.0,0.511802617860013,0.0,0.0,0.0,0.0,0.0,0.0
480,0.0,0.4801560999013705,0.0,0.0,0.0,0.0,0.0,0.0
481,0.0,0.43140807704679546,0.0,0.0,0.0,0.0,0.0,0.0
482,0.0,0.40997209743826796,0.0,0.0,0.0,0.0,0.0,0.0
483,0.0,0.3045665566105662,0.0,0.0,0.0,0.0,0.0,0.0
484,0.0,0.1727214424330187,0.0,0.0,0.0,0.0,0.0,0.0
485,0.0,0.1971275071080829,0.0,0.0,0.0,0.0,0.0,0.0
486,0.0,0.20152541971069288,0.0,0.0,0.0,0.0,0.0,0.0
487,0.0,0.1528601720301329,0.0,0.0,0.0,0.0,0.0,0.0
488,0.0,0.1613484508995061,0.0,0.0,0.0,0.0,0.0,0.0
489,0.0,0.1575059731305158,0.0,0.0,0.0,0.0,0.0,0.0
490,0.0,0.1571369175274996,0.0,0.0,0.0,0.0,0.0,0.0
491,0.0,0.1729454677955627,0.0,0.0,0.0,0.0,0.0,0.0
492,0.0,0.1576911695375585,0.0,0.0,0.0,0.0,0.0,0.0
493,0.0,0.13644468060604661,0.0,0.0,0.0,0.0,0.0,0.0
494,0.0,0.1369367547434016,0.0,0.0,0.0,0.0,0.0,0.0
495,0.0,0.1274793706133437,0.0,0.0,0.0,0.0,0.0,0.0
496,0.0,0.13719783482610448,0.0,0.0,0.0,0.0,0.0,0.0
497,0.0,0.1371771603310386,0.0,0.0,0.0,0.0,0.0,0.0
498,0.0,0.1471724162460616,0.0,0.0,0.0,0.0,0.0,0.0
499,0.0,0.2207232025658919,0.0,0.0,0.0,0.0,0.0,0.0
500,0.0,0.2010094824381084,0.0,0.0,0.0,0.0,0.0,0.0
501,0.0,0.16950598890333687,0.0,0.0,0.0,0.0,0.0,0.0
502,0.0,0.1655386411709124,0.0,0.0,0.0,0.0,0.0,0.0
503,0.0,0.1555063305357304,0.0,0.0,0.0,0.0,0.0,0.0
504,0.0,0.1640868733058579,0.0,0.0,0.0,0.0,0.0,0.0
505,0.0,0.15433076296115741,0.0,0.0,0.0,0.0,0.0,0.0
506,0.0,0.1634648891358092,0.0,0.0,0.0,0.0,0.0,0.0
507,0.0,0.15204357992005668,0.0,0.0,0.0,0.0,0.0,0.0
508,0.0,0.1466307644091519,0.0,0.0,0.0,0.0,0.0,0.0
509,0.0,0.1830103844934247,0.0,0.0,0.0,0.0,0.0,0.0
510,0.0,0.1564998903434257,0.0,0.0,0.0,0.0,0.0,0.0
511,0.0,0.14384780437250488,0.0,0.0,0.0,0.0,0.0,0.0
512,0.0,0.1656835942176319,0.0,0.0,0.0,0.0,0.0,0.0
513,0.0488594519655583,0.1467720145976799,0.04885945196555829,0.0488594519655583,0.048859451965558305,0.0488594519655583,0.0488594519655583,0.0488594519655583
514,0.08815944593785549,0.1613497109168209,0.08815944593785549,0.08815944593785549,0.08815944593785549,0.08815944593785549,0.08815944593785549,0.08815944593785549
515,0.141267545900419,0.1724383506441819,0.141267545900419,0.141267545900419,0.141267545900419,0.141267545900419,0.141267545900419,0.141267545900419
516,0.2028729418569924,0.1913524502987637,0.20287294185699237,0.2028729418569924,0.2028729418569924,0.2028729418569924,0.2028729418569924,0.2028729418569924
517,0.2453594218270434,0.2099237231326818,0.2453594218270434,0.2453594218270434,0.2453594218270434,0.2453594218270434,0.2453594218270434,0.24535942182704343
518,0.3090891417821199,0.2915772753000223,0.3090891417821199,0.3090891417821199,0.3090891417821199,0.3090891417821199,0.3090891417821199,0.3090891417821199
519,0.3568864317484269,0.3944013555294607,0.3568864317484269,0.3568864317484268,0.35688643174842694,0.3568864317484269,0.3568864317484269,0.3568864317484269
520,0.3696323757394422,0.3873585444385682,0.3696323757394422,0.3696323757394422,0.36963237573944224,0.3696323757394422,0.3696323757394422,0.3696323757394422
521,0.36644588974168824,0.43026696696399835,0.36644588974168824,0.36644588974168824,0.3664458897416883,0.36644588974168824,0.36644588974168824,0.36644588974168824
522,0.5682566695994297,0.49540528089636093,0.5682566695994296,0.5682566695994297,0.5682566695994297,0.5682566695994297,0.5682566695994297,0.5682566695994298
523,0.8932782413703174,0.6589118788528223,0.8932782413703173,0.8932782413703175,0.8932782413703175,0.8932782413703175,0.8932782413703174,0.8932782413703174
524,1.080218753238545,0.6594347076237623,1.080218753238545,1.080218753238545,1.080218753238545,1.080218753238545,1.080218753238545,1.080218753238545
525,1.3053970970798126,1.0857515562117177,1.3053970970798126,1.3053970970798126,1.3053970970798126,1.3053970970798126,1.3053970970798128,1.3053970970798128
526,1.71432946679155,1.0454937408493628,1.7143294667915498,1.71432946679155,1.7143294667915498,1.7143294667915498,1.71432946679155,1.71432946679155
527,1.8152348567204226,1.3117485353596006,1.8152348567204226,1.8152348567204224,1.8152348567204224,1.8152348567204224,1.8152348567204228,1.8152348567204228
528,1.9108294366530352,1.7427439704153858,1.9108294366530352,1.9108294366530352,1.910829436653035,1.9108294366530352,1.9108294366530352,1.9108294366530354
529,1.7993024267316526,1.3394716518043328,1.7993024267316526,1.7993024267316524,1.7993024267316529,1.7993024267316526,1.7993024267316526,1.7993024267316526
530,1.969248346611855,1.2354594810209254,1.9692483466118549,1.969248346611855,1.969248346611855,1.9692483466118549,1.969248346611855,1.969248346611855
531,2.087148328528745,1.0354640274425657,2.0871483285287447,2.087148328528745,2.087148328528745,2.087148328528745,2.087148328528745,2.087148328528745
532,2.13494561849505,0.9371722185059107,2.13494561849505,2.13494561849505,2.13494561849505,2.13494561849505,2.13494561849505,2.13494561849505
533,2.0988321105205126,0.8879905193347346,2.0988321105205126,2.0988321105205126,2.0988321105205126,2.0988321105205126,2.0988321105205126,2.0988321105205126
534,1.55500516690386,0.8827929862589248,1.55500516690386,1.5550051669038598,1.5550051669038598,1.55500516690386,1.55500516690386,1.55500516690386
535,1.3022106110820575,0.8776143534428362,1.3022106110820575,1.3022106110820577,1.3022106110820575,1.3022106110820575,1.3022106110820575,1.3022106110820575
536,0.9718782293149124,0.9256530911021161,0.9718782293149124,0.9718782293149124,0.9718782293149124,0.9718782293149124,0.9718782293149124,0.9718782293149125
537,0.8932782413703174,0.9466956377543687,0.8932782413703173,0.8932782413703175,0.8932782413703174,0.8932782413703175,0.8932782413703175,0.8932782413703174
538,0.8964647273680725,0.9863383604450262,0.8964647273680724,0.8964647273680724,0.8964647273680724,0.8964647273680725,0.8964647273680726,0.8964647273680726
539,1.044105245264,0.997163322861303,1.044105245264,1.044105245264,1.044105245264,1.044105245264,1.044105245264,1.0441052452640003
540,0.8592890573942785,0.7403621324291776,0.8592890573942784,0.8592890573942785,0.8592890573942786,0.8592890573942785,0.8592890573942785,0.8592890573942785
541,0.8327350074129958,0.7653104403529318,0.8327350074129957,0.8327350074129957,0.8327350074129958,0.8327350074129958,0.8327350074129958,0.8327350074129958
542,0.7318296174841259,0.7573449902544982,0.7318296174841259,0.7318296174841259,0.7318296174841259,0.7318296174841259,0.7318296174841259,0.7318296174841259
543,0.6287999035567526,0.7540008867094385,0.6287999035567526,0.6287999035567526,0.6287999035567526,0.6287999035567526,0.6287999035567526,0.6287999035567526
544,0.5321431616248864,0.7587986095486495,0.5321431616248864,0.5321431616248864,0.5321431616248864,0.5321431616248864,0.5321431616248864,0.5321431616248864
545,0.5002783016473484,0.7125423034262144,0.5002783016473484,0.5002783016473484,0.5002783016473484,0.5002783016473484,0.5002783016473484,0.5002783016473484
546,0.30165400778736073,0.732163759653244,0.30165400778736073,0.3016540077873607,0.30165400778736073,0.30165400778736073,0.30165400778736073,0.30165400778736073
547,0.21455672384875651,0.7339393768854849,0.21455672384875651,0.21455672384875651,0.21455672384875651,0.21455672384875651,0.21455672384875651,0.21455672384875654
548,0.1848161878697209,0.7084745402773652,0.1848161878697209,0.18481618786972087,0.18481618786972087,0.1848161878697209,0.1848161878697209,0.1848161878697209
549,0.09771890393111671,0.416421981951109,0.09771890393111671,0.09771890393111671,0.09771890393111671,0.09771890393111671,0.09771890393111671,0.09771890393111671
550,0.0392999939722969,0.3783785002068527,0.0392999939722969,0.0392999939722969,0.0392999939722969,0.0392999939722969,0.0392999939722969,0.0392999939722969
551,0.0,0.5422038564057339,0.0,0.0,0.0,0.0,0.0,0.0
552,0.0,0.5550592932441327,0.0,0.0,0.0,0.0,0.0,0.0
553,0.0,0.2822876017221047,0.0,0.0,0.0,0.0,0.0,0.0
554,0.0,0.2832717499968147,0.0,0.0,0.0,0.0,0.0,0.0
555,0.0,0.299683384175203,0.0,0.0,0.0,0.0,0.0,0.0
556,0.0,0.4642821831204415,0.0,0.0,0.0,0.0,0.0,0.0
557,0.0,0.8253956849554374,0.0,0.0,0.0,0.0,0.0,0.0
558,0.0,0.4883556555008674,0.0,0.0,0.0,0.0,0.0,0.0
559,0.0,0.4718776263735565,0.0,0.0,0.0,0.0,0.0,0.0
560,0.0,0.41101420650946374,0.0,0.0,0.0,0.0,0.0,0.0
561,0.0,0.355336902371595,0.0,0.0,0.0,0.0,0.0,0.0
562,0.0,0.35764349989044647,0.0,0.0,0.0,0.0,0.0,0.0
563,0.0,0.3922306082993569,0.0,0.0,0.0,0.0,0.0,0.0
564,0.0,0.3980124794132777,0.0,0.0,0.0,0.0,0.0,0.0
565,0.0,0.36267154817877567,0.0,0.0,0.0,0.0,0.0,0.0
566,0.0,0.3881978940540657,0.0,0.0,0.0,0.0,0.0,0.0
567,0.0,0.346465707708742,0.0,0.0,0.0,0.0,0.0,0.0
568,0.0,0.2225860436296282,0.0,0.0,0.0,0.0,0.0,0.0
569,0.0,0.17607680894015998,0.0,0.0,0.0,0.0,0.0,0.0
570,0.0,0.1648821223153345,0.0,0.0,0.0,0.0,0.0,0.0
571,0.0,0.1347481356896292,0.0,0.0,0.0,0.0,0.0,0.0
572,0.0,0.1410528355744897,0.0,0.0,0.0,0.0,0.0,0.0
573,0.0,0.1114593179621329,0.0,0.0,0.0,0.0,0.0,0.0
574,0.0,0.3002620135385189,0.0,0.0,0.0,0.0,0.0,0.0
575,0.0,0.43016907158220374,0.0,0.0,0.0,0.0,0.0,0.0
576,0.0,0.39790746095186874,0.0,0.0,0.0,0.0,0.0,0.0
577,0.0,0.5311084795675247,0.0,0.0,0.0,0.0,0.0,0.0
578,0.0,0.4630484754446154,0.0,0.0,0.0,0.0,0.0,0.0
579,0.0,0.582448943345679,0.0,0.0,0.0,0.0,0.0,0.0
580,0.0,0.6025317190764787,0.0,0.0,0.0,0.0,0.0,0.0
581,0.0,0.20377117656790922,0.0,0.0,0.0,0.0,0.0,0.0
582,0.0,0.2163805763376302,0.0,0.0,0.0,0.0,0.0,0.0
583,0.0,0.2200371890940439,0.0,0.0,0.0,0.0,0.0,0.0
584,0.0,0.2049981732711326,0.0,0.0,0.0,0.0,0.0,0.0
585,0.0,0.20499313320187287,0.0,0.0,0.0,0.0,0.0,0.0
586,0.0,0.1925375066000752,0.0,0.0,0.0,0.0,0.0,0.0
587,0.0,0.1091834750768664,0.0,0.0,0.0,0.0,0.0,0.0
588,0.0,0.1392307520891041,0.0,0.0,0.0,0.0,0.0,0.0
589,0.0,0.1281195864375817,0.0,0.0,0.0,0.0,0.0,0.0
590,0.0,0.1322714619715144,0.0,0.0,0.0,0.0,0.0,0.0
591,0.0,0.1321546663299967,0.0,0.0,0.0,0.0,0.0,0.0
592,0.0,0.1081660521339419,0.0,0.0,0.0,0.0,0.0,0.0
593,0.0,0.1854262175499045,0.0,0.0,0.0,0.0,0.0,0.0
594,0.0,0.1881941345725262,0.0,0.0,0.0,0.0,0.0,0.0
595,0.0,0.1783596205175352,0.0,0.0,0.0,0.0,0.0,0.0
596,0.0,0.1963818357981609,0.0,0.0,0.0,0.0,0.0,0.0
597,0.0,0.1356318685479152,0.0,0.0,0.0,0.0,0.0,0.0
598,0.0,0.1218230380683912,0.0,0.0,0.0,0.0,0.0,0.0
599,0.0,0.1453063865421616,0.0,0.0,0.0,0.0,0.0,0.0
600,0.0,0.1250083283762691,0.0,0.0,0.0,0.0,0.0,0.0
601,0.0,0.1295116964645627,0.0,0.0,0.0,0.0,0.0,0.0
602,0.0,0.1586363344692599,0.0,0.0,0.0,0.0,0.0,0.0
603,0.0,0.14860469243961208,0.0,0.0,0.0,0.0,0.0,0.0
604,0.0,0.14568300224906688,0.0,0.0,0.0,0.0,0.0,0.0
605,0.0,0.1971400300874784,0.0,0.0,0.0,0.0,0.0,0.0
606,0.0,0.1779183840970499,0.0,0.0,0.0,0.0,0.0,0.0
607,0.0,0.2239782308503624,0.0,0.0,0.0,0.0,0.0,0.0
608,0.0,0.22228672600320493,0.0,0.0,0.0,0.0,0.0,0.0
609,0.0,0.17356878917667973,0.0,0.0,0.0,0.0,0.0,0.0
610,0.0,0.19577363462482272,0.0,0.0,0.0,0.0,0.0,0.0
611,0.06266755795582479,0.18741089432441768,0.06266755795582479,0.06266755795582479,0.06266755795582479,0.06266755795582479,0.06266755795582479,0.06266755795582479
612,0.1019675519281219,0.2008199145673407,0.10196755192812189,0.1019675519281219,0.1019675519281219,0.1019675519281219,0.1019675519281219,0.10196755192812192
613,0.0647918819543275,0.24699899980304738,0.0647918819543275,0.0647918819543275,0.0647918819543275,0.0647918819543275,0.0647918819543275,0.0647918819543275
614,0.0541702619618146,0.2361118595140686,0.05417026196181459,0.05417026196181459,0.0541702619618146,0.0541702619618146,0.05417026196181461,0.054170261961814604
615,0.0754135019468401,0.19874675394401803,0.0754135019468401,0.07541350194684011,0.0754135019468401,0.0754135019468401,0.0754135019468401,0.0754135019468401
616,0.1678215958817009,0.30177477645271505,0.16782159588170087,0.1678215958817009,0.1678215958817009,0.1678215958817009,0.1678215958817009,0.16782159588170092
617,0.3207729237738837,0.4096827055628585,0.32077292377388367,0.3207729237738837,0.32077292377388367,0.3207729237738837,0.3207729237738838,0.32077292377388367
618,0.42486479970050806,0.4290888793547935,0.42486479970050806,0.42486479970050806,0.42486479970050806,0.42486479970050806,0.42486479970050806,0.4248647997005081
619,0.6882809755148243,0.5811580194516702,0.6882809755148243,0.6882809755148243,0.6882809755148243,0.6882809755148243,0.6882809755148243,0.6882809755148243
620,0.7711296114564232,0.3558188191766777,0.7711296114564232,0.7711296114564232,0.7711296114564232,0.7711296114564232,0.7711296114564232,0.7711296114564232
621,0.999494441295445,0.9273980570327716,0.9994944412954448,0.999494441295445,0.999494441295445,0.9994944412954448,0.999494441295445,0.999494441295445
622,1.044105245264,0.9230924083309155,1.044105245264,1.044105245264,1.044105245264,1.044105245264,1.044105245264,1.0441052452640003
623,1.333013309060345,0.9495319816807626,1.333013309060345,1.333013309060345,1.333013309060345,1.333013309060345,1.333013309060345,1.333013309060345
624,1.38718357102216,0.9031847488686412,1.38718357102216,1.38718357102216,1.38718357102216,1.38718357102216,1.38718357102216,1.38718357102216
625,1.0876538872333026,0.9252277468269418,1.0876538872333026,1.0876538872333026,1.0876538872333024,1.0876538872333026,1.0876538872333026,1.0876538872333026
626,1.0387944352677425,1.008265257505593,1.0387944352677425,1.0387944352677425,1.0387944352677425,1.0387944352677425,1.0387944352677425,1.0387944352677425
627,1.1312025292026027,1.4794450670889474,1.1312025292026027,1.1312025292026027,1.1312025292026027,1.1312025292026027,1.1312025292026027,1.1312025292026027
628,0.8752214873830482,2.02915338778162,0.8752214873830481,0.8752214873830482,0.8752214873830482,0.8752214873830482,0.8752214873830482,0.8752214873830483
629,0.493905329651841,1.568857607040835,0.4939053296518409,0.493905329651841,0.493905329651841,0.493905329651841,0.493905329651841,0.49390532965184103
630,0.36644588974168824,1.3537596997495427,0.36644588974168824,0.36644588974168824,0.3664458897416883,0.36644588974168824,0.36644588974168824,0.36644588974168824
631,0.35476210774992417,1.7333110159150777,0.3547621077499241,0.35476210774992417,0.35476210774992417,0.35476210774992417,0.35476210774992417,0.3547621077499242
632,0.38450264372895987,1.6294833729331777,0.38450264372895987,0.38450264372895987,0.3845026437289599,0.3845026437289599,0.38450264372895987,0.3845026437289599
633,0.4089323697117389,1.222337376449825,0.40893236971173885,0.40893236971173885,0.4089323697117389,0.4089323697117389,0.4089323697117389,0.4089323697117389
634,0.31333778977912463,1.1649799848143876,0.31333778977912463,0.3133377897791247,0.3133377897791246,0.31333778977912463,0.31333778977912463,0.31333778977912463
635,0.29634319779110474,1.1048773375542127,0.29634319779110474,0.29634319779110474,0.29634319779110474,0.29634319779110474,0.29634319779110474,0.29634319779110474
636,0.49815397764884567,1.1121046764466154,0.4981539776488456,0.49815397764884567,0.4981539776488458,0.4981539776488457,0.49815397764884567,0.49815397764884567
637,0.5268323516286298,0.882664438354559,0.5268323516286297,0.5268323516286298,0.5268323516286298,0.5268323516286298,0.52683235162863,0.5268323516286298
638,0.4407972296892772,0.6495443157826415,0.44079722968927715,0.4407972296892772,0.44079722968927715,0.4407972296892772,0.44079722968927726,0.44079722968927726
639,0.4142431797079954,0.7653492431701867,0.41424317970799535,0.4142431797079954,0.41424317970799546,0.4142431797079954,0.4142431797079954,0.4142431797079954
640,0.45672965967804613,0.8307951034383991,0.4567296596780461,0.45672965967804613,0.4567296596780462,0.45672965967804613,0.45672965967804613,0.45672965967804613
641,0.22199185784351538,0.5815847270761573,0.22199185784351538,0.22199185784351536,0.22199185784351538,0.22199185784351538,0.22199185784351538,0.22199185784351538
642,0.1635729478846955,0.6060961700431523,0.1635729478846955,0.1635729478846955,0.1635729478846955,0.1635729478846955,0.1635729478846955,0.1635729478846955
643,0.08815944593785549,0.5873314720927665,0.08815944593785549,0.08815944593785549,0.08815944593785549,0.08815944593785549,0.08815944593785549,0.08815944593785549
644,0.11577565791838851,0.5941897553821515,0.11577565791838851,0.11577565791838851,0.11577565791838852,0.1157756579183885,0.11577565791838851,0.11577565791838851
645,0.1221486299138959,0.783004845688672,0.12214862991389588,0.1221486299138959,0.12214862991389591,0.12214862991389588,0.12214862991389591,0.12214862991389591
646,0.0201810779857741,0.8991650967380296,0.0201810779857741,0.020181077985774096,0.0201810779857741,0.0201810779857741,0.0201810779857741,0.0201810779857741
647,0.0,1.782346295358216,0.0,0.0,0.0,0.0,0.0,0.0
648,0.0,1.6703071652092063,0.0,0.0,0.0,0.0,0.0,0.0
649,0.0,1.225455147265192,0.0,0.0,0.0,0.0,0.0,0.0
650,0.0,1.200082574557827,0.0,0.0,0.0,0.0,0.0,0.0
651,0.0,1.0385303357665692,0.0,0.0,0.0,0.0,0.0,0.0
652,0.0,0.777238968831079,0.0,0.0,0.0,0.0,0.0,0.0
653,0.0,0.7457262953445837,0.0,0.0,0.0,0.0,0.0,0.0
654,0.0,0.7564904170992237,0.0,0.0,0.0,0.0,0.0,0.0
655,0.0,0.8080569631120288,0.0,0.0,0.0,0.0,0.0,0.0
656,0.0,0.9277539970236263,0.0,0.0,0.0,0.0,0.0,0.0
657,0.0,1.2160574981669616,0.0,0.0,0.0,0.0,0.0,0.0
658,0.0,0.8747425746441192,0.0,0.0,0.0,0.0,0.0,0.0
659,0.0,1.1663824648411185,0.0,0.0,0.0,0.0,0.0,0.0
660,0.0,1.5482319954285757,0.0,0.0,0.0,0.0,0.0,0.0
661,0.0,1.3096871257781404,0.0,0.0,0.0,0.0,0.0,0.0
662,0.0,0.997250803191318,0.0,0.0,0.0,0.0,0.0,0.0
663,0.0,0.8378928149348717,0.0,0.0,0.0,0.0,0.0,0.0
664,0.0,0.5989293119818642,0.0,0.0,0.0,0.0,0.0,0.0
665,0.0,0.5268021361218892,0.0,0.0,0.0,0.0,0.0,0.0
666,0.0,0.5789312400479292,0.0,0.0,0.0,0.0,0.0,0.0
667,0.0,0.4930636344739529,0.0,0.0,0.0,0.0,0.0,0.0
668,0.0,0.4365366179453004,0.0,0.0,0.0,0.0,0.0,0.0
669,0.0,0.49147203082519336,0.0,0.0,0.0,0.0,0.0,0.0
670,0.0,0.5043274676635909,0.0,0.0,0.0,0.0,0.0,0.0
671,0.0,0.5823152271227944,0.0,0.0,0.0,0.0,0.0,0.0
