t,Load,PV,c_grid,c_sell,P_imp,P_exp,P_ch,P_dis,E,x,y
1,0.741,0.0,0.25,0.05,0.0,0.0,0.0,0.740999999999999,3.220000000000001,0,0
2,0.646,0.0,0.25,0.05,0.646,0.0,0.0,0.0,3.2200000000000006,0,1
3,0.76775,0.0,0.25,0.05,0.0,0.0,0.0,0.7677499999999996,2.411842105263159,0,0
4,0.6735,0.0,0.25,0.05,0.0,0.0,0.0,0.6735000000000011,1.7028947368421061,0,0
5,0.64225,0.0,0.25,0.05,0.0,0.0,0.0,0.64225,1.0268421052631584,0,1
6,0.7935,0.0,0.25,0.05,0.2929999999999995,0.0,0.0,0.5005000000000006,0.5,0,1
7,0.6395,0.0,0.25,0.05,0.6395,0.0,0.0,0.0,0.5,0,1
8,0.7305,0.0,0.25,0.05,0.7305,0.0,0.0,0.0,0.5,0,1
9,0.7485,0.0,0.25,0.05,0.7485,0.0,0.0,0.0,0.5,0,1
10,0.80575,0.0,0.25,0.05,0.80575,0.0,0.0,0.0,0.5,0,1
11,0.63825,0.0,0.25,0.05,0.63825,0.0,0.0,0.0,0.5,0,1
12,0.76175,0.0,0.25,0.05,0.76175,0.0,0.0,0.0,0.5,0,1
13,0.8275,0.0,0.25,0.05,0.8275,0.0,0.0,0.0,0.5,0,1
14,0.6285,0.0,0.25,0.05,0.6285,0.0,0.0,0.0,0.5,0,1
15,0.743,0.0,0.25,0.05,0.743,0.0,0.0,0.0,0.5,0,1
16,0.744,0.0,0.25,0.05,0.744,0.0,0.0,0.0,0.5,0,1
17,0.729,0.0,0.25,0.05,0.729,0.0,0.0,0.0,0.5,0,1
18,0.6505,0.0,0.25,0.05,0.6505,0.0,0.0,0.0,0.5,0,1
19,0.68125,0.0,0.25,0.05,0.68125,0.0,0.0,0.0,0.5,0,1
20,0.6515,0.0,0.25,0.05,0.6515,0.0,0.0,0.0,0.5,0,1
21,0.5935,0.0,0.25,0.05,0.5935,0.0,0.0,0.0,0.5,0,1
22,0.701,0.0,0.25,0.05,0.701,0.0,0.0,0.0,0.5,0,1
23,0.653,0.0,0.25,0.05,0.653,0.0,0.0,0.0,0.5,0,1
24,0.8395,0.0,0.25,0.05,0.8395,0.0,0.0,0.0,0.5,0,1
25,0.64425,0.0,0.25,0.05,0.64425,0.0,0.0,0.0,0.5,0,1
26,0.56525,0.0,0.25,0.05,0.56525,0.0,0.0,0.0,0.5,0,1
27,0.79725,0.0,0.25,0.05,0.79725,0.0,0.0,0.0,0.5,0,1
28,0.61775,0.0,0.25,0.05,0.61775,0.0,0.0,0.0,0.5,0,1
29,0.673,0.0,0.25,0.05,0.673,0.0,0.0,0.0,0.5,0,1
30,0.613,0.0,0.25,0.05,0.613,0.0,0.0,0.0,0.5,0,1
31,0.762,0.0,0.25,0.05,0.762,0.0,0.0,0.0,0.5,0,1
32,0.627,0.0,0.25,0.05,0.627,0.0,0.0,0.0,0.5,0,1
33,0.653,0.0,0.25,0.05,0.653,0.0,0.0,0.0,0.5,0,1
34,0.68425,0.0,0.25,0.05,0.68425,0.0,0.0,0.0,0.5,0,1
35,0.56975,0.0043010686752836,0.25,0.05,0.5654489313247164,0.0,0.0,0.0,0.5,0,1
36,0.6445,0.0098310141149339,0.25,0.05,0.634668985885066,0.0,0.0,0.0,0.5,0,1
37,0.834,0.0130260937022875,0.25,0.05,0.8209739062977125,0.0,0.0,0.0,0.5,0,1
38,0.736,0.015852510260331,0.25,0.05,0.720147489739669,0.0,0.0,0.0,0.5,0,1
39,0.7005,0.0183102637890645,0.25,0.05,0.6821897362109355,0.0,0.0,0.0,0.5,0,1
40,0.65,0.0203993542884879,0.25,0.05,0.6296006457115121,0.0,0.0,0.0,0.5,0,1
41,0.698,0.0224884447879114,0.25,0.05,0.6755115552120885,0.0,0.0,0.0,0.5,0,1
42,0.87875,0.0238402092287148,0.25,0.05,0.8549097907712853,0.0,0.0,0.0,0.5,0,1
43,0.7325,0.0258064120517017,0.25,0.05,0.7066935879482983,0.0,0.0,0.0,0.5,0,1
44,0.88825,0.0495237336039797,0.25,0.05,0.8387262663960203,0.0,0.0,0.0,0.5,0,1
45,0.68425,0.0933946340918727,0.25,0.05,0.5908553659081274,0.0,0.0,0.0,0.5,0,1
46,0.76775,0.1158830788797842,0.25,0.05,0.6518669211202158,0.0,0.0,0.0,0.5,0,1
47,0.7115,0.1579106642211267,0.25,0.05,0.5535893357788733,0.0,0.0,0.0,0.5,0,1
48,0.7955,0.180890659714785,0.25,0.05,0.614609340285215,0.0,0.0,0.0,0.5,0,1
49,0.67925,0.1977262713866095,0.25,0.05,0.48152372861339054,0.0,0.0,0.0,0.5,0,1
50,0.77225,0.211489691147517,0.25,0.05,0.560760308852483,0.0,0.0,0.0,0.5,0,1
51,0.6305,0.1946540794756925,0.25,0.05,0.4358459205243075,0.0,0.0,0.0,0.5,0,1
52,0.8015,0.2183714010279707,0.25,0.05,0.5831285989720293,0.0,0.0,0.0,0.5,0,1
53,0.7915,0.244669363785419,0.25,0.05,0.546830636214581,0.0,0.0,0.0,0.5,0,1
54,0.667,0.2487246571078292,0.25,0.05,0.41827534289217083,0.0,0.0,0.0,0.5,0,1
55,0.662,0.2372961031992185,0.25,0.05,0.4247038968007815,0.0,0.0,0.0,0.5,0,1
56,0.792,0.1722885223642177,0.25,0.05,0.6197114776357824,0.0,0.0,0.0,0.5,0,1
57,0.7075,0.1211672489665612,0.25,0.05,0.5863327510334388,0.0,0.0,0.0,0.5,0,1
58,0.89825,0.0895851161223357,0.25,0.05,0.8086648838776643,0.0,0.0,0.0,0.5,0,1
59,0.6725,0.0809829787717685,0.25,0.05,0.5915170212282315,0.0,0.0,0.0,0.5,0,1
60,0.66475,0.083809395329812,0.25,0.05,0.5809406046701879,0.0,0.0,0.0,0.5,0,1
61,0.88275,0.092534420356816,0.25,0.05,0.790215579643184,0.0,0.0,0.0,0.5,0,1
62,0.776,0.0979414781200295,0.25,0.05,0.6780585218799705,0.0,0.0,0.0,0.5,0,1
63,0.71975,0.0748385949499347,0.25,0.05,0.6449114050500653,0.0,0.0,0.0,0.5,0,1
64,0.8925,0.0552994543965035,0.25,0.05,0.8372005456034964,0.0,0.0,0.0,0.5,0,1
65,0.838,0.040061382518356,0.25,0.05,0.797938617481644,0.0,0.0,0.0,0.5,0,1
66,0.67775,0.0341627740493955,0.25,0.05,0.6435872259506045,0.0,0.0,0.0,0.5,0,1
67,0.701,0.0301074807269852,0.25,0.05,0.6708925192730147,0.0,0.0,0.0,0.5,0,1
68,0.83825,0.0269124011396317,0.25,0.05,0.8113375988603684,0.0,0.0,0.0,0.5,0,1
69,0.76775,0.0217511187292914,0.25,0.05,0.7459988812707087,0.0,0.0,0.0,0.5,0,1
70,0.894,0.0153609595545843,0.25,0.05,0.8786390404454157,0.0,0.0,0.0,0.5,0,1
71,0.63225,0.0089708003798772,0.25,0.05,0.6232791996201228,0.0,0.0,0.0,0.5,0,1
72,0.656,0.0040552933224102,0.25,0.05,0.6519447066775899,0.0,0.0,0.0,0.5,0,1
73,0.6465,0.0,0.25,0.05,0.6465,0.0,0.0,0.0,0.5,0,1
74,0.8755,0.0,0.25,0.05,0.8755,0.0,0.0,0.0,0.5,0,1
75,0.6405,0.0,0.25,0.05,0.6405,0.0,0.0,0.0,0.5,0,1
76,0.70425,0.0,0.25,0.05,0.70425,0.0,0.0,0.0,0.5,0,1
77,0.68,0.0,0.25,0.05,0.68,0.0,0.0,0.0,0.5,0,1
78,0.74575,0.0,0.25,0.05,0.74575,0.0,0.0,0.0,0.5,0,1
79,0.78625,0.0,0.25,0.05,0.78625,0.0,0.0,0.0,0.5,0,1
80,0.64975,0.0,0.25,0.05,0.64975,0.0,0.0,0.0,0.5,0,1
81,0.68325,0.0,0.25,0.05,0.68325,0.0,0.0,0.0,0.5,0,1
82,0.701,0.0,0.25,0.05,0.701,0.0,0.0,0.0,0.5,0,1
83,0.68,0.0,0.25,0.05,0.68,0.0,0.0,0.0,0.5,0,1
84,0.6845,0.0,0.25,0.05,0.6845,0.0,0.0,0.0,0.5,0,1
85,0.6425,0.0,0.25,0.05,0.6425,0.0,0.0,0.0,0.5,0,1
86,0.701,0.0,0.25,0.05,0.701,0.0,0.0,0.0,0.5,0,1
87,0.59425,0.0,0.25,0.05,0.59425,0.0,0.0,0.0,0.5,0,1
88,0.586,0.0,0.25,0.05,0.586,0.0,0.0,0.0,0.5,0,1
89,0.64975,0.0,0.25,0.05,0.64975,0.0,0.0,0.0,0.5,0,1
90,0.65725,0.0,0.25,0.05,0.65725,0.0,0.0,0.0,0.5,0,1
91,0.822,0.0,0.25,0.05,0.822,0.0,0.0,0.0,0.5,0,1
92,0.75975,0.0,0.25,0.05,0.75975,0.0,0.0,0.0,0.5,0,1
93,0.64375,0.0,0.25,0.05,0.64375,0.0,0.0,0.0,0.5,0,1
94,0.62075,0.0,0.25,0.05,0.62075,0.0,0.0,0.0,0.5,0,1
95,0.72925,0.0,0.25,0.05,0.72925,0.0,0.0,0.0,0.5,0,1
96,0.632,0.0,0.25,0.05,0.632,0.0,0.0,0.0,0.5,0,1
97,0.7635,0.0,0.25,0.05,0.7635,0.0,0.0,0.0,0.5,0,1
98,0.66925,0.0,0.25,0.05,0.66925,0.0,0.0,0.0,0.5,0,1
99,0.8805,0.0,0.25,0.05,0.8805,0.0,0.0,0.0,0.5,0,1
100,0.68225,0.0,0.25,0.05,0.68225,0.0,0.0,0.0,0.5,0,1
101,0.592,0.0,0.25,0.05,0.592,0.0,0.0,0.0,0.5,0,1
102,0.6605,0.0,0.25,0.05,0.6605,0.0,0.0,0.0,0.5,0,1
103,0.64525,0.0,0.25,0.05,0.64525,0.0,0.0,0.0,0.5,0,1
104,0.72575,0.0,0.25,0.05,0.72575,0.0,0.0,0.0,0.5,0,1
105,0.67375,0.0,0.25,0.05,0.67375,0.0,0.0,0.0,0.5,0,1
106,0.61125,0.0,0.25,0.05,0.61125,0.0,0.0,0.0,0.5,0,1
107,0.61125,0.0,0.25,0.05,0.61125,0.0,0.0,0.0,0.5,0,1
108,0.62875,0.0,0.25,0.05,0.62875,0.0,0.0,0.0,0.5,0,1
109,0.8155,0.0,0.25,0.05,0.8155,0.0,0.0,0.0,0.5,0,1
110,0.769,0.0,0.25,0.05,0.769,0.0,0.0,0.0,0.5,0,1
111,0.5775,0.0,0.25,0.05,0.5775,0.0,0.0,0.0,0.5,0,1
112,0.64,0.0,0.25,0.05,0.64,0.0,0.0,0.0,0.5,0,1
113,0.77675,0.0,0.25,0.05,0.77675,0.0,0.0,0.0,0.5,0,1
114,0.64375,0.0,0.25,0.05,0.64375,0.0,0.0,0.0,0.5,0,1
115,0.666,0.0,0.25,0.05,0.666,0.0,0.0,0.0,0.5,0,1
116,0.645,0.0,0.25,0.05,0.645,0.0,0.0,0.0,0.5,0,1
117,0.626,0.0,0.25,0.05,0.626,0.0,0.0,0.0,0.5,0,1
118,0.63875,0.0,0.25,0.05,0.63875,0.0,0.0,0.0,0.5,0,1
119,0.853,0.0,0.25,0.05,0.853,0.0,0.0,0.0,0.5,0,1
120,0.72275,0.0,0.25,0.05,0.72275,0.0,0.0,0.0,0.5,0,1
121,0.64275,0.0,0.25,0.05,0.64275,0.0,0.0,0.0,0.5,0,1
122,0.6605,0.0,0.25,0.05,0.6605,0.0,0.0,0.0,0.5,0,1
123,0.75575,0.0,0.25,0.05,0.75575,0.0,0.0,0.0,0.5,0,1
124,0.72725,0.0,0.25,0.05,0.72725,0.0,0.0,0.0,0.5,0,1
125,0.7865,0.0,0.25,0.05,0.7865,0.0,0.0,0.0,0.5,0,1
126,0.617,0.0,0.25,0.05,0.617,0.0,0.0,0.0,0.5,0,1
127,0.59025,0.0,0.25,0.05,0.59025,0.0,0.0,0.0,0.5,0,1
128,0.6775,0.0,0.25,0.05,0.6775,0.0,0.0,0.0,0.5,0,1
129,0.66825,0.0,0.25,0.05,0.66825,0.0,0.0,0.0,0.5,0,1
130,0.58375,0.0,0.25,0.05,0.58375,0.0,0.0,0.0,0.5,0,1
131,0.73825,0.0055299454396503,0.25,0.05,0.7327200545603496,0.0,0.0,0.0,0.5,0,1
132,0.99275,0.0100767894678073,0.25,0.05,0.9826732105321927,0.0,0.0,0.0,0.5,0,1
133,0.62625,0.0132718690551608,0.25,0.05,0.6129781309448392,0.0,0.0,0.0,0.5,0,1
134,0.716,0.0164669486425144,0.25,0.05,0.6995330513574856,0.0,0.0,0.0,0.5,0,1
135,0.63775,0.0186789268183745,0.25,0.05,0.6190710731816256,0.0,0.0,0.0,0.5,0,1
136,0.80525,0.020768017317798,0.25,0.05,0.784481982682202,0.0,0.0,0.0,0.5,0,1
137,0.64425,0.0227342201407848,0.25,0.05,0.6215157798592152,0.0,0.0,0.0,0.5,0,1
138,0.57225,0.0245775352873349,0.25,0.05,0.5476724647126652,0.0,0.0,0.0,0.5,0,1
139,0.688,0.0270352888160685,0.25,0.05,0.6609647111839314,0.0,0.0,0.0,0.5,0,1
140,0.652,0.0537019146028267,0.25,0.05,0.5982980853971733,0.0,0.0,0.0,0.5,0,1
141,0.6955,0.0962210506499162,0.25,0.05,0.5992789493500839,0.0,0.0,0.0,0.5,0,1
142,0.62875,0.117480618673461,0.25,0.05,0.511269381326539,0.0,0.0,0.0,0.5,0,1
143,0.608,0.1570504504860702,0.25,0.05,0.4509495495139298,0.0,0.0,0.0,0.5,0,1
144,0.735,0.1813822104205317,0.25,0.05,0.5536177895794683,0.0,0.0,0.0,0.5,0,1
145,0.65025,0.196005843916496,0.25,0.05,0.454244156083504,0.0,0.0,0.0,0.5,0,1
146,0.6735,0.2132101186176305,0.25,0.05,0.4602898813823695,0.0,0.0,0.0,0.5,0,1
147,0.658,0.1968660576515527,0.25,0.05,0.4611339423484473,0.0,0.0,0.0,0.5,0,1
148,0.685,0.2170196365871672,0.25,0.05,0.4679803634128329,0.0,0.0,0.0,0.5,0,1
149,0.675,0.243563374697489,0.25,0.05,0.43143662530251103,0.0,0.0,0.0,0.5,0,1
150,0.785,0.2504450845779425,0.25,0.05,0.5345549154220575,0.0,0.0,0.0,0.5,0,1
151,1.019,0.2384020922871487,0.25,0.05,0.7805979077128512,0.0,0.0,0.0,0.5,0,1
152,1.0325,0.1806448843619117,0.25,0.05,0.8518551156380882,0.0,0.0,0.0,0.5,0,1
153,1.018,0.1252225422889715,0.25,0.05,0.8927774577110286,0.0,0.0,0.0,0.5,0,1
154,0.9405,0.094009072474056,0.25,0.05,0.846490927525944,0.0,0.0,0.0,0.5,0,1
155,1.10175,0.0846696090648687,0.25,0.05,1.0170803909351314,0.0,0.0,0.0,0.5,0,1
156,0.9315,0.0855298227999255,0.25,0.05,0.8459701772000745,0.0,0.0,0.0,0.5,0,1
157,0.9375,0.096712601355663,0.25,0.05,0.840787398644337,0.0,0.0,0.0,0.5,0,1
158,0.94625,0.0991703548843965,0.25,0.05,0.8470796451156035,0.0,0.0,0.0,0.5,0,1
159,0.978,0.0768047977729215,0.25,0.05,0.9011952022270785,0.0,0.0,0.0,0.5,0,1
160,0.78425,0.0580029832781105,0.25,0.05,0.7262470167218895,0.0,0.0,0.0,0.5,0,1
161,0.77325,0.042642023723526,0.25,0.05,0.730607976276474,0.0,0.0,0.0,0.5,0,1
162,0.96975,0.0376036289896225,0.25,0.05,0.9321463710103775,0.0,0.0,0.0,0.5,0,1
163,0.8725,0.0323194589028455,0.25,0.05,0.8401805410971546,0.0,0.0,0.0,0.5,0,1
164,0.64225,0.0283870532568717,0.25,0.05,0.6138629467431282,0.0,0.0,0.0,0.5,0,1
165,0.65675,0.0231028831700948,0.25,0.05,0.6336471168299052,0.0,0.0,0.0,0.5,0,1
166,0.662,0.0156067349074576,0.25,0.05,0.6463932650925425,0.0,0.0,0.0,0.5,0,1
167,0.83525,0.0094623510856239,0.25,0.05,0.8257876489143762,0.0,0.0,0.0,0.5,0,1
168,0.72325,0.0038095179695369,0.25,0.05,0.7194404820304631,0.0,0.0,0.0,0.5,0,1
169,0.66225,0.0,0.25,0.05,0.66225,0.0,0.0,0.0,0.5,0,1
170,0.6745,0.0,0.25,0.05,0.6745,0.0,0.0,0.0,0.5,0,1
171,0.6285,0.0,0.25,0.05,0.6285,0.0,0.0,0.0,0.5,0,1
172,0.676,0.0,0.25,0.05,0.676,0.0,0.0,0.0,0.5,0,1
173,0.61,0.0,0.25,0.05,0.61,0.0,0.0,0.0,0.5,0,1
174,0.77375,0.0,0.25,0.05,0.77375,0.0,0.0,0.0,0.5,0,1
175,0.70975,0.0,0.25,0.05,0.70975,0.0,0.0,0.0,0.5,0,1
176,0.712,0.0,0.25,0.05,0.712,0.0,0.0,0.0,0.5,0,1
177,0.641,0.0,0.25,0.05,0.641,0.0,0.0,0.0,0.5,0,1
178,0.68725,0.0,0.25,0.05,0.68725,0.0,0.0,0.0,0.5,0,1
179,0.68175,0.0,0.25,0.05,0.68175,0.0,0.0,0.0,0.5,0,1
180,0.6485,0.0,0.25,0.05,0.6485,0.0,0.0,0.0,0.5,0,1
181,0.67275,0.0,0.25,0.05,0.67275,0.0,0.0,0.0,0.5,0,1
182,0.7485,0.0,0.25,0.05,0.7485,0.0,0.0,0.0,0.5,0,1
183,0.66775,0.0,0.25,0.05,0.66775,0.0,0.0,0.0,0.5,0,1
184,0.621,0.0,0.25,0.05,0.621,0.0,0.0,0.0,0.5,0,1
185,0.678,0.0,0.25,0.05,0.678,0.0,0.0,0.0,0.5,0,1
186,0.65275,0.0,0.25,0.05,0.65275,0.0,0.0,0.0,0.5,0,1
187,0.65975,0.0,0.25,0.05,0.65975,0.0,0.0,0.0,0.5,0,1
188,0.67125,0.0,0.25,0.05,0.67125,0.0,0.0,0.0,0.5,0,1
189,0.5705,0.0,0.25,0.05,0.5705,0.0,0.0,0.0,0.5,0,1
190,0.76175,0.0,0.25,0.05,0.76175,0.0,0.0,0.0,0.5,0,1
191,0.624,0.0,0.25,0.05,0.624,0.0,0.0,0.0,0.5,0,1
192,0.70775,0.0,0.25,0.05,0.70775,0.0,0.0,0.0,0.5,0,1
193,0.71275,0.0,0.25,0.05,0.71275,0.0,0.0,0.0,0.5,0,1
194,0.7755,0.0,0.25,0.05,0.7755,0.0,0.0,0.0,0.5,0,1
195,0.6365,0.0,0.25,0.05,0.6365,0.0,0.0,0.0,0.5,0,1
196,0.754,0.0,0.25,0.05,0.754,0.0,0.0,0.0,0.5,0,1
197,0.75775,0.0,0.25,0.05,0.75775,0.0,0.0,0.0,0.5,0,1
198,0.66775,0.0,0.25,0.05,0.66775,0.0,0.0,0.0,0.5,0,1
199,0.67375,0.0,0.25,0.05,0.67375,0.0,0.0,0.0,0.5,0,1
200,0.57225,0.0,0.25,0.05,0.57225,0.0,0.0,0.0,0.5,0,1
201,0.77325,0.0,0.25,0.05,0.77325,0.0,0.0,0.0,0.5,0,1
202,0.62475,0.0,0.25,0.05,0.62475,0.0,0.0,0.0,0.5,0,1
203,0.73475,0.0,0.25,0.05,0.73475,0.0,0.0,0.0,0.5,0,1
204,0.75,0.0,0.25,0.05,0.75,0.0,0.0,0.0,0.5,0,1
205,0.75125,0.0,0.25,0.05,0.75125,0.0,0.0,0.0,0.5,0,1
206,0.616,0.0,0.25,0.05,0.616,0.0,0.0,0.0,0.5,0,1
207,0.76975,0.0,0.25,0.05,0.76975,0.0,0.0,0.0,0.5,0,1
208,0.794,0.0,0.25,0.05,0.794,0.0,0.0,0.0,0.5,0,1
209,0.6605,0.0,0.25,0.05,0.6605,0.0,0.0,0.0,0.5,0,1
210,0.70925,0.0,0.25,0.05,0.70925,0.0,0.0,0.0,0.5,0,1
211,0.63925,0.0,0.25,0.05,0.63925,0.0,0.0,0.0,0.5,0,1
212,0.65625,0.0,0.25,0.05,0.65625,0.0,0.0,0.0,0.5,0,1
213,0.66075,0.0,0.25,0.05,0.66075,0.0,0.0,0.0,0.5,0,1
214,0.6745,0.0,0.25,0.05,0.6745,0.0,0.0,0.0,0.5,0,1
215,0.6265,0.0,0.25,0.05,0.6265,0.0,0.0,0.0,0.5,0,1
216,0.7795,0.0,0.25,0.05,0.7795,0.0,0.0,0.0,0.5,0,1
217,0.65775,0.0,0.25,0.05,0.65775,0.0,0.0,0.0,0.5,0,1
218,0.65375,0.0,0.25,0.05,0.65375,0.0,0.0,0.0,0.5,0,1
219,0.6435,0.0,0.25,0.05,0.6435,0.0,0.0,0.0,0.5,0,1
220,0.56325,0.0,0.25,0.05,0.56325,0.0,0.0,0.0,0.5,0,1
221,0.76025,0.0,0.25,0.05,0.76025,0.0,0.0,0.0,0.5,0,1
222,0.68425,0.0,0.25,0.05,0.68425,0.0,0.0,0.0,0.5,0,1
223,0.729,0.0,0.25,0.05,0.729,0.0,0.0,0.0,0.5,0,1
224,0.595,0.0,0.25,0.05,0.595,0.0,0.0,0.0,0.5,0,1
225,0.6535,0.0,0.25,0.05,0.6535,0.0,0.0,0.0,0.5,0,1
226,1.021,0.0,0.25,0.05,1.021,0.0,0.0,0.0,0.5,0,1
227,1.06375,0.0054070577632136,0.25,0.05,1.0583429422367863,0.0,0.0,0.0,0.5,0,1
228,1.19625,0.010199677144244,0.25,0.05,1.186050322855756,0.0,0.0,0.0,0.5,0,1
229,1.105,0.0136405320844708,0.25,0.05,1.0913594679155292,0.0,0.0,0.0,0.5,0,1
230,1.28,0.016589836318951,0.25,0.05,1.263410163681049,0.0,0.0,0.0,0.5,0,1
231,1.15425,0.0188018144948112,0.25,0.05,1.1354481855051888,0.0,0.0,0.0,0.5,0,1
232,1.21925,0.021505343376418,0.25,0.05,1.1977446566235819,0.0,0.0,0.0,0.5,0,1
233,1.12225,0.0231028831700948,0.25,0.05,1.0991471168299052,0.0,0.0,0.0,0.5,0,1
234,1.242,0.0250690859930815,0.25,0.05,1.2169309140069184,0.0,0.0,0.0,0.5,0,1
235,1.2415,0.027158176492505,0.25,0.05,1.214341823507495,0.0,0.0,0.0,0.5,0,1
236,1.3095,0.0548079036907567,0.25,0.05,1.2546920963092434,0.0,0.0,0.0,0.5,0,1
237,1.22225,0.0948692862091127,0.25,0.05,1.1273807137908873,0.0,0.0,0.0,0.5,0,1
238,1.09575,0.1194468214964477,0.25,0.05,0.9763031785035523,0.0,0.0,0.0,0.5,0,1
239,1.11975,0.1595082040148035,0.25,0.05,0.9602417959851965,0.0,0.0,0.0,0.5,0,1
240,1.37425,0.1833484132435185,0.25,0.05,1.1909015867564814,0.0,0.0,0.0,0.5,0,1
241,1.24375,0.1983407097687927,0.25,0.05,1.0454092902312073,0.0,0.0,0.0,0.5,0,1
242,1.281,0.2135787816469405,0.25,0.05,1.0674212183530594,0.0,0.0,0.0,0.5,0,1
243,1.19275,0.1958829562400592,0.25,0.05,0.9968670437599407,0.0,0.0,0.0,0.5,0,1
244,1.0525,0.216405198204984,0.25,0.05,0.836094801795016,0.0,0.0,0.0,0.5,0,1
245,1.3405,0.243194711668179,0.25,0.05,1.097305288331821,0.0,0.0,0.0,0.5,0,1
246,1.14,0.2515510736658725,0.25,0.05,0.8884489263341274,0.0,0.0,0.0,0.5,0,1
247,1.2445,0.2401225197572622,0.25,0.05,1.0043774802427377,0.0,0.0,0.0,0.5,0,1
248,1.25275,0.1800304459797282,0.25,0.05,1.0727195540202719,0.0,0.0,0.0,0.5,0,1
249,1.46725,0.1300151616700017,0.25,0.05,1.3372348383299983,0.0,0.0,0.0,0.5,0,1
250,1.36025,0.0968354890320995,0.25,0.05,1.2634145109679005,0.0,0.0,0.0,0.5,0,1
251,1.30475,0.0861442611821087,0.25,0.05,1.2186057388178915,0.0,0.0,0.0,0.5,0,1
252,1.30625,0.086881587240729,0.25,0.05,1.219368412759271,0.0,0.0,0.0,0.5,0,1
253,1.216,0.0973270397378462,0.25,0.05,1.1186729602621537,0.0,0.0,0.0,0.5,0,1
254,1.22425,0.1016281084131297,0.25,0.05,1.1226218915868704,0.0,0.0,0.0,0.5,0,1
255,1.373,0.0793854389780917,0.25,0.05,1.2936145610219083,0.0,0.0,0.0,0.5,0,1
256,1.66875,0.0591089723660405,0.25,0.05,1.6096410276339594,0.0,0.0,0.0,0.5,0,1
257,1.71175,0.0428877990763995,0.25,0.05,1.6688622009236007,0.0,0.0,0.0,0.5,0,1
258,1.60425,0.0374807413131857,0.25,0.05,1.5667692586868143,0.0,0.0,0.0,0.5,0,1
259,1.443,0.032811009608592,0.25,0.05,1.410188990391408,0.0,0.0,0.0,0.5,0,1
260,1.37025,0.0288786039626185,0.25,0.05,1.3413713960373814,0.0,0.0,0.0,0.5,0,1
261,1.44475,0.0237173215522782,0.25,0.05,1.4210326784477219,0.0,0.0,0.0,0.5,0,1
262,1.3895,0.016589836318951,0.25,0.05,1.372910163681049,0.0,0.0,0.0,0.5,0,1
263,1.37175,0.010199677144244,0.25,0.05,1.361550322855756,0.0,0.0,0.0,0.5,0,1
264,0.9935,0.0045468440281569,0.25,0.05,0.9889531559718432,0.0,0.0,0.0,0.5,0,1
265,0.80825,0.0,0.25,0.05,0.80825,0.0,0.0,0.0,0.5,0,1
266,0.82475,0.0,0.25,0.05,0.82475,0.0,0.0,0.0,0.5,0,1
267,0.672,0.0,0.25,0.05,0.672,0.0,0.0,0.0,0.5,0,1
268,0.7185,0.0,0.25,0.05,0.7185,0.0,0.0,0.0,0.5,0,1
269,0.6525,0.0,0.25,0.05,0.6525,0.0,0.0,0.0,0.5,0,1
270,0.69,0.0,0.25,0.05,0.69,0.0,0.0,0.0,0.5,0,1
271,0.658,0.0,0.25,0.05,0.658,0.0,0.0,0.0,0.5,0,1
272,0.79725,0.0,0.25,0.05,0.79725,0.0,0.0,0.0,0.5,0,1
273,0.65,0.0,0.25,0.05,0.65,0.0,0.0,0.0,0.5,0,1
274,0.6185,0.0,0.25,0.05,0.6185,0.0,0.0,0.0,0.5,0,1
275,0.81675,0.0,0.25,0.05,0.81675,0.0,0.0,0.0,0.5,0,1
276,0.6255,0.0,0.25,0.05,0.6255,0.0,0.0,0.0,0.5,0,1
277,0.7855,0.0,0.25,0.05,0.7855,0.0,0.0,0.0,0.5,0,1
278,0.7055,0.0,0.25,0.05,0.7055,0.0,0.0,0.0,0.5,0,1
279,0.69225,0.0,0.25,0.05,0.69225,0.0,0.0,0.0,0.5,0,1
280,0.7615,0.0,0.25,0.05,0.7615,0.0,0.0,0.0,0.5,0,1
281,0.653,0.0,0.25,0.05,0.653,0.0,0.0,0.0,0.5,0,1
282,0.62125,0.0,0.25,0.05,0.62125,0.0,0.0,0.0,0.5,0,1
283,0.59,0.0,0.25,0.05,0.59,0.0,0.0,0.0,0.5,0,1
284,0.77525,0.0,0.25,0.05,0.77525,0.0,0.0,0.0,0.5,0,1
285,0.6785,0.0,0.25,0.05,0.6785,0.0,0.0,0.0,0.5,0,1
286,0.66525,0.0,0.25,0.05,0.66525,0.0,0.0,0.0,0.5,0,1
287,0.62475,0.0,0.25,0.05,0.62475,0.0,0.0,0.0,0.5,0,1
288,0.90225,0.0,0.25,0.05,0.90225,0.0,0.0,0.0,0.5,0,1
289,0.58775,0.0,0.25,0.05,0.58775,0.0,0.0,0.0,0.5,0,1
290,0.71075,0.0,0.25,0.05,0.71075,0.0,0.0,0.0,0.5,0,1
291,0.73725,0.0,0.25,0.05,0.73725,0.0,0.0,0.0,0.5,0,1
292,0.65125,0.0,0.25,0.05,0.65125,0.0,0.0,0.0,0.5,0,1
293,0.75575,0.0,0.25,0.05,0.75575,0.0,0.0,0.0,0.5,0,1
294,0.74125,0.0,0.25,0.05,0.74125,0.0,0.0,0.0,0.5,0,1
295,0.72425,0.0,0.25,0.05,0.72425,0.0,0.0,0.0,0.5,0,1
296,0.6265,0.0,0.25,0.05,0.6265,0.0,0.0,0.0,0.5,0,1
297,0.78625,0.0,0.25,0.05,0.78625,0.0,0.0,0.0,0.5,0,1
298,0.62125,0.0,0.25,0.05,0.62125,0.0,0.0,0.0,0.5,0,1
299,0.69675,0.0,0.25,0.05,0.69675,0.0,0.0,0.0,0.5,0,1
300,0.6105,0.0,0.25,0.05,0.6105,0.0,0.0,0.0,0.5,0,1
301,0.67975,0.0,0.25,0.05,0.67975,0.0,0.0,0.0,0.5,0,1
302,0.69375,0.0,0.25,0.05,0.69375,0.0,0.0,0.0,0.5,0,1
303,0.62025,0.0,0.25,0.05,0.62025,0.0,0.0,0.0,0.5,0,1
304,0.63475,0.0,0.25,0.05,0.63475,0.0,0.0,0.0,0.5,0,1
305,0.649,0.0,0.25,0.05,0.649,0.0,0.0,0.0,0.5,0,1
306,0.7055,0.0,0.25,0.05,0.7055,0.0,0.0,0.0,0.5,0,1
307,0.654,0.0,0.25,0.05,0.654,0.0,0.0,0.0,0.5,0,1
308,0.76275,0.0,0.25,0.05,0.76275,0.0,0.0,0.0,0.5,0,1
309,0.76975,0.0,0.25,0.05,0.76975,0.0,0.0,0.0,0.5,0,1
310,0.6495,0.0,0.25,0.05,0.6495,0.0,0.0,0.0,0.5,0,1
311,0.668,0.0,0.25,0.05,0.668,0.0,0.0,0.0,0.5,0,1
312,0.82175,0.0,0.25,0.05,0.82175,0.0,0.0,0.0,0.5,0,1
313,0.6855,0.0,0.25,0.05,0.6855,0.0,0.0,0.0,0.5,0,1
314,0.66575,0.0,0.25,0.05,0.66575,0.0,0.0,0.0,0.5,0,1
315,0.677,0.0,0.25,0.05,0.677,0.0,0.0,0.0,0.5,0,1
316,0.681,0.0,0.25,0.05,0.681,0.0,0.0,0.0,0.5,0,1
317,0.789,0.0,0.25,0.05,0.789,0.0,0.0,0.0,0.5,0,1
318,0.63275,0.0,0.25,0.05,0.63275,0.0,0.0,0.0,0.5,0,1
319,0.772,0.0,0.25,0.05,0.772,0.0,0.0,0.0,0.5,0,1
320,0.56875,0.0,0.25,0.05,0.56875,0.0,0.0,0.0,0.5,0,1
321,0.736,0.0,0.25,0.05,0.736,0.0,0.0,0.0,0.5,0,1
322,1.35175,0.0,0.25,0.05,1.35175,0.0,0.0,0.0,0.5,0,1
323,1.1565,0.0084792496741305,0.25,0.05,1.1480207503258695,0.0,0.0,0.0,0.5,0,1
324,1.10725,0.0159753979367677,0.25,0.05,1.0912746020632325,0.0,0.0,0.0,0.5,0,1
325,1.136,0.0195391405534312,0.25,0.05,1.1164608594465686,0.0,0.0,0.0,0.5,0,1
326,1.01375,0.0216282310528547,0.25,0.05,0.9921217689471452,0.0,0.0,0.0,0.5,0,1
327,1.14075,0.0239630969051515,0.25,0.05,1.1167869030948485,0.0,0.0,0.0,0.5,0,1
328,1.3655,0.0270352888160685,0.25,0.05,1.3384647111839314,0.0,0.0,0.0,0.5,0,1
329,1.05775,0.0301074807269852,0.25,0.05,1.0276425192730148,0.0,0.0,0.0,0.5,0,1
330,1.01525,0.0315821328442252,0.25,0.05,0.9836678671557748,0.0,0.0,0.0,0.5,0,1
331,0.9755,0.0307219191091687,0.25,0.05,0.9447780808908314,0.0,0.0,0.0,0.5,0,1
332,1.06975,0.0567741065137437,0.25,0.05,1.0129758934862563,0.0,0.0,0.0,0.5,0,1
333,1.1325,0.0956066122677327,0.25,0.05,1.0368933877322672,0.0,0.0,0.0,0.5,0,1
334,1.07025,0.1203070352315045,0.25,0.05,0.9499429647684954,0.0,0.0,0.0,0.5,0,1
335,1.58925,0.1599997547205502,0.25,0.05,1.4292502452794498,0.0,0.0,0.0,0.5,0,1
336,1.548,0.1833484132435185,0.25,0.05,1.3646515867564815,0.0,0.0,0.0,0.5,0,1
337,1.649,0.2005526879446527,0.25,0.05,1.4484473120553474,0.0,0.0,0.0,0.5,0,1
338,1.66325,0.2161594228521105,0.25,0.05,1.4470905771478895,0.0,0.0,0.0,0.5,0,1
339,1.7635,0.1928107643291425,0.25,0.05,1.5706892356708575,0.0,0.0,0.0,0.5,0,1
340,1.73225,0.2121041295297002,0.25,0.05,1.5201458704703,0.0,0.0,0.0,0.5,0,1
341,1.67925,0.2359443387584152,0.25,0.05,1.4433056612415847,0.0,0.0,0.0,0.5,0,1
342,1.9475,0.2478644433727725,0.25,0.05,1.6996355566272274,0.0,0.0,0.0,0.5,0,1
343,1.43225,0.2441778130796725,0.25,0.05,1.1880721869203275,0.0,0.0,0.0,0.5,0,1
344,1.4665,0.1781871308331782,0.25,0.05,1.2883128691668218,0.0,0.0,0.0,0.5,0,1
345,1.89275,0.1319813644929885,0.25,0.05,1.7607686355070113,0.0,0.0,0.0,0.5,0,1
346,1.8715,0.0994161302372697,0.25,0.05,1.7720838697627301,0.0,0.0,0.0,0.5,0,1
347,1.83375,0.0863900365349822,0.25,0.05,1.7473599634650179,0.0,0.0,0.0,0.5,0,1
348,1.77625,0.0851611597706155,0.25,0.05,1.6910888402293847,0.0,0.0,0.0,0.5,0,1
349,1.5395,0.0952379492384227,0.25,0.05,1.4442620507615773,0.0,0.0,0.0,0.5,0,1
350,1.19725,0.0991703548843965,0.25,0.05,1.0980796451156034,0.0,0.0,0.0,0.5,0,1
351,1.09125,0.077050573125795,0.25,0.05,1.014199426874205,0.0,0.0,0.0,0.5,0,1
352,1.28075,0.0586174216602937,0.25,0.05,1.2221325783397063,0.0,0.0,0.0,0.5,0,1
353,1.218,0.043379349782146,0.25,0.05,1.174620650217854,0.0,0.0,0.0,0.5,0,1
354,1.46225,0.0382180673718057,0.25,0.05,1.4240319326281943,0.0,0.0,0.0,0.5,0,1
355,1.4225,0.0330567849614655,0.25,0.05,1.3894432150385345,0.0,0.0,0.0,0.5,0,1
356,1.184,0.0293701546683652,0.25,0.05,1.1546298453316348,0.0,0.0,0.0,0.5,0,1
357,1.07725,0.0243317599344615,0.25,0.05,1.0529182400655386,0.0,0.0,0.0,0.5,0,1
358,1.09025,0.0169584993482611,0.25,0.05,1.073291500651739,0.0,0.0,0.0,0.5,0,1
359,1.1865,0.010568340173554,0.25,0.05,1.1759316598264462,0.0,0.0,0.0,0.5,0,1
360,0.96025,0.0051612824103403,0.25,0.05,0.9550887175896597,0.0,0.0,0.0,0.5,0,1
361,1.0265,0.0,0.25,0.05,1.0265,0.0,0.0,0.0,0.5,0,1
362,1.05575,0.0,0.25,0.05,1.05575,0.0,0.0,0.0,0.5,0,1
363,0.82425,0.0,0.25,0.05,0.82425,0.0,0.0,0.0,0.5,0,1
364,0.83775,0.0,0.25,0.05,0.83775,0.0,0.0,0.0,0.5,0,1
365,0.91575,0.0,0.25,0.05,0.91575,0.0,0.0,0.0,0.5,0,1
366,0.83475,0.0,0.25,0.05,0.83475,0.0,0.0,0.0,0.5,0,1
367,0.956,0.0,0.25,0.05,0.956,0.0,0.0,0.0,0.5,0,1
368,0.7215,0.0,0.25,0.05,0.7215,0.0,0.0,0.0,0.5,0,1
369,0.74825,0.0,0.25,0.05,0.74825,0.0,0.0,0.0,0.5,0,1
370,0.6455,0.0,0.25,0.05,0.6455,0.0,0.0,0.0,0.5,0,1
371,0.711,0.0,0.25,0.05,0.711,0.0,0.0,0.0,0.5,0,1
372,0.869,0.0,0.25,0.05,0.869,0.0,0.0,0.0,0.5,0,1
373,0.81125,0.0,0.25,0.05,0.81125,0.0,0.0,0.0,0.5,0,1
374,0.73725,0.0,0.25,0.05,0.73725,0.0,0.0,0.0,0.5,0,1
375,0.76925,0.0,0.25,0.05,0.76925,0.0,0.0,0.0,0.5,0,1
376,0.62675,0.0,0.25,0.05,0.62675,0.0,0.0,0.0,0.5,0,1
377,0.699,0.0,0.25,0.05,0.699,0.0,0.0,0.0,0.5,0,1
378,0.789,0.0,0.25,0.05,0.789,0.0,0.0,0.0,0.5,0,1
379,0.6465,0.0,0.25,0.05,0.6465,0.0,0.0,0.0,0.5,0,1
380,0.6525,0.0,0.25,0.05,0.6525,0.0,0.0,0.0,0.5,0,1
381,0.644,0.0,0.25,0.05,0.644,0.0,0.0,0.0,0.5,0,1
382,0.61475,0.0,0.25,0.05,0.61475,0.0,0.0,0.0,0.5,0,1
383,0.599,0.0,0.25,0.05,0.599,0.0,0.0,0.0,0.5,0,1
384,0.706,0.0,0.25,0.05,0.706,0.0,0.0,0.0,0.5,0,1
385,0.7665,0.0,0.25,0.05,0.7665,0.0,0.0,0.0,0.5,0,1
386,0.788,0.0,0.25,0.05,0.788,0.0,0.0,0.0,0.5,0,1
387,0.65825,0.0,0.25,0.05,0.65825,0.0,0.0,0.0,0.5,0,1
388,0.6475,0.0,0.25,0.05,0.6475,0.0,0.0,0.0,0.5,0,1
389,0.5825,0.0,0.25,0.05,0.5825,0.0,0.0,0.0,0.5,0,1
390,0.64125,0.0,0.25,0.05,0.64125,0.0,0.0,0.0,0.5,0,1
391,0.89925,0.0,0.25,0.05,0.89925,0.0,0.0,0.0,0.5,0,1
392,0.90075,0.0,0.25,0.05,0.90075,0.0,0.0,0.0,0.5,0,1
393,0.78375,0.0,0.25,0.05,0.78375,0.0,0.0,0.0,0.5,0,1
394,0.655,0.0,0.25,0.05,0.655,0.0,0.0,0.0,0.5,0,1
395,0.60325,0.0,0.25,0.05,0.60325,0.0,0.0,0.0,0.5,0,1
396,0.64825,0.0,0.25,0.05,0.64825,0.0,0.0,0.0,0.5,0,1
397,0.672,0.0,0.25,0.05,0.672,0.0,0.0,0.0,0.5,0,1
398,0.708,0.0,0.25,0.05,0.708,0.0,0.0,0.0,0.5,0,1
399,0.78525,0.0,0.25,0.05,0.78525,0.0,0.0,0.0,0.5,0,1
400,0.6065,0.0,0.25,0.05,0.6065,0.0,0.0,0.0,0.5,0,1
401,0.76825,0.0,0.25,0.05,0.76825,0.0,0.0,0.0,0.5,0,1
402,0.63275,0.0,0.25,0.05,0.63275,0.0,0.0,0.0,0.5,0,1
403,0.78075,0.0,0.25,0.05,0.78075,0.0,0.0,0.0,0.5,0,1
404,0.68025,0.0,0.25,0.05,0.68025,0.0,0.0,0.0,0.5,0,1
405,0.74375,0.0,0.25,0.05,0.74375,0.0,0.0,0.0,0.5,0,1
406,0.69525,0.0,0.25,0.05,0.69525,0.0,0.0,0.0,0.5,0,1
407,0.7205,0.0,0.25,0.05,0.7205,0.0,0.0,0.0,0.5,0,1
408,0.597,0.0,0.25,0.05,0.597,0.0,0.0,0.0,0.5,0,1
409,0.7815,0.0,0.25,0.05,0.7815,0.0,0.0,0.0,0.5,0,1
410,0.797,0.0,0.25,0.05,0.797,0.0,0.0,0.0,0.5,0,1
411,0.68425,0.0,0.25,0.05,0.68425,0.0,0.0,0.0,0.5,0,1
412,0.6765,0.0,0.25,0.05,0.6765,0.0,0.0,0.0,0.5,0,1
413,0.7245,0.0,0.25,0.05,0.7245,0.0,0.0,0.0,0.5,0,1
414,0.625,0.0,0.25,0.05,0.625,0.0,0.0,0.0,0.5,0,1
415,0.74475,0.0,0.25,0.05,0.74475,0.0,0.0,0.0,0.5,0,1
416,0.6455,0.0,0.25,0.05,0.6455,0.0,0.0,0.0,0.5,0,1
417,0.73275,0.0,0.25,0.05,0.73275,0.0,0.0,0.0,0.5,0,1
418,0.63075,0.0,0.25,0.05,0.63075,0.0,0.0,0.0,0.5,0,1
419,0.69475,0.0072503729097638,0.25,0.05,0.6874996270902362,0.0,0.0,0.0,0.5,0,1
420,0.8045,0.0122887676436674,0.25,0.05,0.7922112323563326,0.0,0.0,0.0,0.5,0,1
421,0.724,0.0160982856132043,0.25,0.05,0.7079017143867957,0.0,0.0,0.0,0.5,0,1
422,0.6065,0.0192933652005579,0.25,0.05,0.5872066347994421,0.0,0.0,0.0,0.5,0,1
423,0.6445,0.0228571078172214,0.25,0.05,0.6216428921827786,0.0,0.0,0.0,0.5,0,1
424,0.785,0.027158176492505,0.25,0.05,0.7578418235074951,0.0,0.0,0.0,0.5,0,1
425,0.734,0.030599031432732,0.25,0.05,0.703400968567268,0.0,0.0,0.0,0.5,0,1
426,0.71575,0.032811009608592,0.25,0.05,0.682938990391408,0.0,0.0,0.0,0.5,0,1
427,0.66275,0.0368663029310025,0.25,0.05,0.6258836970689975,0.0,0.0,0.0,0.5,0,1
428,0.652,0.0587403093367305,0.25,0.05,0.5932596906632696,0.0,0.0,0.0,0.5,0,1
429,0.77925,0.1013823330602565,0.25,0.05,0.6778676669397435,0.0,0.0,0.0,0.5,0,1
430,0.67125,0.1255912053182815,0.25,0.05,0.5456587946817185,0.0,0.0,0.0,0.5,0,1
431,0.615,0.160122642396987,0.25,0.05,0.45487735760301296,0.0,0.0,0.0,0.5,0,1
432,0.60225,0.1842086269785752,0.25,0.05,0.41804137302142474,0.0,0.0,0.0,0.5,0,1
433,0.81075,0.1969889453279892,0.25,0.05,0.6137610546720108,0.0,0.0,0.0,0.5,0,1
434,0.6725,0.2096463760009667,0.25,0.05,0.4628536239990333,0.0,0.0,0.0,0.5,0,1
435,0.66625,0.191827662917649,0.25,0.05,0.47442233708235104,0.0,0.0,0.0,0.5,0,1
436,0.72175,0.20657418409005,0.25,0.05,0.51517581590995,0.0,0.0,0.0,0.5,0,1
437,0.8485,0.231520382406695,0.25,0.05,0.616979617593305,0.0,0.0,0.0,0.5,0,1
438,0.705,0.242826048638869,0.25,0.05,0.46217395136113093,0.0,0.0,0.0,0.5,0,1
439,0.692,0.240859845815882,0.25,0.05,0.45114015418411796,0.0,0.0,0.0,0.5,0,1
440,0.753,0.182365311832025,0.25,0.05,0.570634688167975,0.0,0.0,0.0,0.5,0,1
441,0.78875,0.132964465904482,0.25,0.05,0.655785534095518,0.0,0.0,0.0,0.5,0,1
442,0.94675,0.1048231880004835,0.25,0.05,0.8419268119995165,0.0,0.0,0.0,0.5,0,1
443,0.75675,0.0930259710625627,0.25,0.05,0.6637240289374373,0.0,0.0,0.0,0.5,0,1
444,0.81425,0.0897080037987725,0.25,0.05,0.7245419962012275,0.0,0.0,0.0,0.5,0,1
445,0.8065,0.0972041520614095,0.25,0.05,0.7092958479385905,0.0,0.0,0.0,0.5,0,1
446,0.78725,0.1001534562958897,0.25,0.05,0.6870965437041103,0.0,0.0,0.0,0.5,0,1
447,0.78125,0.0784023375665985,0.25,0.05,0.7028476624334015,0.0,0.0,0.0,0.5,0,1
448,0.88675,0.057388544895927,0.25,0.05,0.829361455104073,0.0,0.0,0.0,0.5,0,1
449,0.88625,0.0458371033108797,0.25,0.05,0.8404128966891202,0.0,0.0,0.0,0.5,0,1
450,0.71275,0.040061382518356,0.25,0.05,0.672688617481644,0.0,0.0,0.0,0.5,0,1
451,0.7895,0.0350229877844522,0.25,0.05,0.7544770122155477,0.0,0.0,0.0,0.5,0,1
452,0.83875,0.0307219191091687,0.25,0.05,0.8080280808908313,0.0,0.0,0.0,0.5,0,1
453,0.86725,0.025314861345955,0.25,0.05,0.841935138654045,0.0,0.0,0.0,0.5,0,1
454,0.662,0.0170813870246977,0.25,0.05,0.6449186129753023,0.0,0.0,0.0,0.5,0,1
455,0.66325,0.0100767894678073,0.25,0.05,0.6531732105321927,0.0,0.0,0.0,0.5,0,1
456,0.63325,0.0047926193810303,0.25,0.05,0.6284573806189697,0.0,0.0,0.0,0.5,0,1
457,0.66075,0.0001228876764366,0.25,0.05,0.6606271123235633,0.0,0.0,0.0,0.5,0,1
458,0.719,0.0,0.25,0.05,0.719,0.0,0.0,0.0,0.5,0,1
459,0.76425,0.0,0.25,0.05,0.76425,0.0,0.0,0.0,0.5,0,1
460,0.75275,0.0,0.25,0.05,0.75275,0.0,0.0,0.0,0.5,0,1
461,0.7645,0.0,0.25,0.05,0.7645,0.0,0.0,0.0,0.5,0,1
462,0.79425,0.0,0.25,0.05,0.79425,0.0,0.0,0.0,0.5,0,1
463,0.6475,0.0,0.25,0.05,0.6475,0.0,0.0,0.0,0.5,0,1
464,0.679,0.0,0.25,0.05,0.679,0.0,0.0,0.0,0.5,0,1
465,0.6445,0.0,0.25,0.05,0.6445,0.0,0.0,0.0,0.5,0,1
466,0.68775,0.0,0.25,0.05,0.68775,0.0,0.0,0.0,0.5,0,1
467,0.7385,0.0,0.25,0.05,0.7385,0.0,0.0,0.0,0.5,0,1
468,0.651,0.0,0.25,0.05,0.651,0.0,0.0,0.0,0.5,0,1
469,0.6265,0.0,0.25,0.05,0.6265,0.0,0.0,0.0,0.5,0,1
470,0.6625,0.0,0.25,0.05,0.6625,0.0,0.0,0.0,0.5,0,1
471,0.76625,0.0,0.25,0.05,0.76625,0.0,0.0,0.0,0.5,0,1
472,0.7785,0.0,0.25,0.05,0.7785,0.0,0.0,0.0,0.5,0,1
473,0.692,0.0,0.25,0.05,0.692,0.0,0.0,0.0,0.5,0,1
474,0.588,0.0,0.25,0.05,0.588,0.0,0.0,0.0,0.5,0,1
475,0.759,0.0,0.25,0.05,0.759,0.0,0.0,0.0,0.5,0,1
476,0.78,0.0,0.25,0.05,0.78,0.0,0.0,0.0,0.5,0,1
477,0.6655,0.0,0.25,0.05,0.6655,0.0,0.0,0.0,0.5,0,1
478,0.6265,0.0,0.25,0.05,0.6265,0.0,0.0,0.0,0.5,0,1
479,0.65225,0.0,0.25,0.05,0.65225,0.0,0.0,0.0,0.5,0,1
480,0.5705,0.0,0.25,0.05,0.5705,0.0,0.0,0.0,0.5,0,1
481,0.83025,0.0,0.25,0.05,0.83025,0.0,0.0,0.0,0.5,0,1
482,0.71825,0.0,0.25,0.05,0.71825,0.0,0.0,0.0,0.5,0,1
483,0.85175,0.0,0.25,0.05,0.85175,0.0,0.0,0.0,0.5,0,1
484,0.66825,0.0,0.25,0.05,0.66825,0.0,0.0,0.0,0.5,0,1
485,0.5975,0.0,0.25,0.05,0.5975,0.0,0.0,0.0,0.5,0,1
486,0.67125,0.0,0.25,0.05,0.67125,0.0,0.0,0.0,0.5,0,1
487,0.65375,0.0,0.25,0.05,0.65375,0.0,0.0,0.0,0.5,0,1
488,0.67125,0.0,0.25,0.05,0.67125,0.0,0.0,0.0,0.5,0,1
489,0.612,0.0,0.25,0.05,0.612,0.0,0.0,0.0,0.5,0,1
490,0.6845,0.0,0.25,0.05,0.6845,0.0,0.0,0.0,0.5,0,1
491,0.65675,0.0,0.25,0.05,0.65675,0.0,0.0,0.0,0.5,0,1
492,0.74475,0.0,0.25,0.05,0.74475,0.0,0.0,0.0,0.5,0,1
493,0.58375,0.0,0.25,0.05,0.58375,0.0,0.0,0.0,0.5,0,1
494,0.71325,0.0,0.25,0.05,0.71325,0.0,0.0,0.0,0.5,0,1
495,0.743,0.0,0.25,0.05,0.743,0.0,0.0,0.0,0.5,0,1
496,0.65775,0.0,0.25,0.05,0.65775,0.0,0.0,0.0,0.5,0,1
497,0.59575,0.0,0.25,0.05,0.59575,0.0,0.0,0.0,0.5,0,1
498,0.622,0.0,0.25,0.05,0.622,0.0,0.0,0.0,0.5,0,1
499,0.78125,0.0,0.25,0.05,0.78125,0.0,0.0,0.0,0.5,0,1
500,0.65025,0.0,0.25,0.05,0.65025,0.0,0.0,0.0,0.5,0,1
